Name,Type,admin1Name,Ownership,Latitude,Longitude
Legge Oda Mirga Health Post,Health Post,Dire Dawa,Public/Government,9.4898067,41.8464739
Mudi Aneno Health Post,Health Post,Dire Dawa,Public/Government,9.6385039,41.9049291
Abubeker Muti Health Post,Health Post,Harari,Public/Government,9.3425474,42.1101001
Kirkire Health Post,Health Post,Dire Dawa,Public/Government,9.5177812,41.7409778
Awoberkele Comprehensive Health Post,Health Post,Harari,Public/Government,9.3139552,42.1047323
Efoyita Health Center,Health Center,Addis Ababa,Public/Government,8.9940021,38.7711171
Addis Ketema Health Center,Health Center,Dire Dawa,Public/Government,9.5814558,41.8661215
Bokoji Primary Hospital,Hospital,Oromia,Public/Government,7.544733,39.254232
Dembi Dollo Compernsive Specialized Hospital,Hospital,Oromia,Public/Government,8.521316000000002,34.807909
Inemay Gemer Health Post,Health Post,Oromia,Public/Government,9.452818,35.644081
Danecho Health Post,Health Post,SNNP,Public/Government,7.9747086,38.2626212
Sibu Ebicha Health Post,Health Post,Oromia,Public/Government,9.245834,35.612077
Ynesa Lmrt Health Post,Health Post,Amhara,Public/Government,11.4062549,37.1532624
Tach Arisho Health Post,Health Post,SNNP,Public/Government,7.2865489,37.9953114
Hurumu Jibat Health Post,Health Post,Oromia,Public/Government,8.614993,37.431467
Geshe Health Post,Health Post,Oromia,Public/Government,8.1073956,36.4810386
Wachu Woltane Health Post,Health Post,Oromia,Public/Government,9.133578,40.949046
Elemo Health Center,Health Center,Oromia,Public/Government,8.4653168,35.8160455
Hidi Health Center,Health Center,Oromia,Public/Government,8.7908668,39.0822939
Balle Dorani Health Center,Health Center,Oromia,Public/Government,7.0860057,40.5147225
Feresbet Primery Hospital,Hospital,Amhara,Public/Government,10.8564161,37.6040263
Megele 29 Health Post,Health Post,Benishangul Gumz,Public/Government,10.0412623,34.5473978
Sorya  Health Post,Health Post,Tigray,Public/Government,12.382567,39.294735
Sugelitinen Health Post,Health Post,Benishangul Gumz,Public/Government,10.7168954,34.7685473
Hintsa Health Post,Health Post,Tigray,Public/Government,13.3135836,39.1742353
Dishi Geter Health Post,Health Post,South West Ethiopia,Public/Government,6.9593845,36.1897421
May Kuhli Health Center,Health Center,Tigray,Public/Government,14.214291,37.7298677
Gerhu Srnay Health Center,Health Center,Tigray,Public/Government,14.492671,39.1709197
Jidane Health Post,Health Post,Somali,Public/Government,9.6469514,41.8155267
Qaydar Health Post,Health Post,Somali,Public/Government,9.1073392,43.2270045
Legge Oda Mirga Health Post #2,Health Post,Dire Dawa,Public/Government,9.4908067,41.8474739
Mudi Aneno Health Post #2,Health Post,Dire Dawa,Public/Government,9.6395039,41.9059291
Abubeker Muti Health Post #2,Health Post,Harari,Public/Government,9.3435474,42.1111001
Kirkire Health Post #2,Health Post,Dire Dawa,Public/Government,9.5187812,41.7419778
Awoberkele Comprehensive Health Post #2,Health Post,Harari,Public/Government,9.3149552,42.1057323
Efoyita Health Center #2,Health Center,Addis Ababa,Public/Government,8.995002099999999,38.7721171
Addis Ketema Health Center #2,Health Center,Dire Dawa,Public/Government,9.5824558,41.8671215
Bokoji Primary Hospital #2,Hospital,Oromia,Public/Government,7.545733,39.255232
Dembi Dollo Compernsive Specialized Hospital #2,Hospital,Oromia,Public/Government,8.522316000000002,34.808909
Inemay Gemer Health Post #2,Health Post,Oromia,Public/Government,9.453818,35.645081
Danecho Health Post #2,Health Post,SNNP,Public/Government,7.9757086,38.2636212
Sibu Ebicha Health Post #2,Health Post,Oromia,Public/Government,9.246834,35.613077
Ynesa Lmrt Health Post #2,Health Post,Amhara,Public/Government,11.4072549,37.1542624
Tach Arisho Health Post #2,Health Post,SNNP,Public/Government,7.2875489,37.9963114
Hurumu Jibat Health Post #2,Health Post,Oromia,Public/Government,8.615993,37.432467
Geshe Health Post #2,Health Post,Oromia,Public/Government,8.1083956,36.4820386
Wachu Woltane Health Post #2,Health Post,Oromia,Public/Government,9.134578,40.950046
Elemo Health Center #2,Health Center,Oromia,Public/Government,8.4663168,35.8170455
Hidi Health Center #2,Health Center,Oromia,Public/Government,8.7918668,39.0832939
Balle Dorani Health Center #2,Health Center,Oromia,Public/Government,7.087005700000001,40.5157225
Feresbet Primery Hospital #2,Hospital,Amhara,Public/Government,10.8574161,37.6050263
Megele 29 Health Post #2,Health Post,Benishangul Gumz,Public/Government,10.0422623,34.5483978
Sorya  Health Post #2,Health Post,Tigray,Public/Government,12.383567,39.295735
Sugelitinen Health Post #2,Health Post,Benishangul Gumz,Public/Government,10.7178954,34.7695473
Hintsa Health Post #2,Health Post,Tigray,Public/Government,13.3145836,39.1752353
Dishi Geter Health Post #2,Health Post,South West Ethiopia,Public/Government,6.9603845,36.1907421
May Kuhli Health Center #2,Health Center,Tigray,Public/Government,14.215291,37.7308677
Gerhu Srnay Health Center #2,Health Center,Tigray,Public/Government,14.493671,39.1719197
Jidane Health Post #2,Health Post,Somali,Public/Government,9.6479514,41.8165267
Qaydar Health Post #2,Health Post,Somali,Public/Government,9.1083392,43.2280045
Legge Oda Mirga Health Post #3,Health Post,Dire Dawa,Public/Government,9.4918067,41.8484739
Mudi Aneno Health Post #3,Health Post,Dire Dawa,Public/Government,9.6405039,41.9069291
Abubeker Muti Health Post #3,Health Post,Harari,Public/Government,9.344547400000002,42.1121001
Kirkire Health Post #3,Health Post,Dire Dawa,Public/Government,9.5197812,41.742977800000006
Awoberkele Comprehensive Health Post #3,Health Post,Harari,Public/Government,9.3159552,42.1067323
Efoyita Health Center #3,Health Center,Addis Ababa,Public/Government,8.9960021,38.7731171
Addis Ketema Health Center #3,Health Center,Dire Dawa,Public/Government,9.5834558,41.8681215
Bokoji Primary Hospital #3,Hospital,Oromia,Public/Government,7.546733,39.256232
Dembi Dollo Compernsive Specialized Hospital #3,Hospital,Oromia,Public/Government,8.523316000000003,34.809909000000005
Inemay Gemer Health Post #3,Health Post,Oromia,Public/Government,9.454818,35.646081
Danecho Health Post #3,Health Post,SNNP,Public/Government,7.976708599999999,38.2646212
Sibu Ebicha Health Post #3,Health Post,Oromia,Public/Government,9.247834,35.614077
Ynesa Lmrt Health Post #3,Health Post,Amhara,Public/Government,11.4082549,37.155262400000005
Tach Arisho Health Post #3,Health Post,SNNP,Public/Government,7.288548899999999,37.9973114
Hurumu Jibat Health Post #3,Health Post,Oromia,Public/Government,8.616993,37.433467
Geshe Health Post #3,Health Post,Oromia,Public/Government,8.109395600000001,36.4830386
Wachu Woltane Health Post #3,Health Post,Oromia,Public/Government,9.135578,40.951046000000005
Elemo Health Center #3,Health Center,Oromia,Public/Government,8.4673168,35.818045500000004
Hidi Health Center #3,Health Center,Oromia,Public/Government,8.7928668,39.084293900000006
Balle Dorani Health Center #3,Health Center,Oromia,Public/Government,7.0880057,40.5167225
Feresbet Primery Hospital #3,Hospital,Amhara,Public/Government,10.8584161,37.6060263
Megele 29 Health Post #3,Health Post,Benishangul Gumz,Public/Government,10.0432623,34.5493978
Sorya  Health Post #3,Health Post,Tigray,Public/Government,12.384567,39.296735000000005
Sugelitinen Health Post #3,Health Post,Benishangul Gumz,Public/Government,10.7188954,34.770547300000004
Hintsa Health Post #3,Health Post,Tigray,Public/Government,13.3155836,39.1762353
Dishi Geter Health Post #3,Health Post,South West Ethiopia,Public/Government,6.961384499999999,36.1917421
May Kuhli Health Center #3,Health Center,Tigray,Public/Government,14.216291,37.7318677
Gerhu Srnay Health Center #3,Health Center,Tigray,Public/Government,14.494671,39.1729197
Jidane Health Post #3,Health Post,Somali,Public/Government,9.6489514,41.8175267
Qaydar Health Post #3,Health Post,Somali,Public/Government,9.1093392,43.2290045
Legge Oda Mirga Health Post #4,Health Post,Dire Dawa,Public/Government,9.4928067,41.8494739
Mudi Aneno Health Post #4,Health Post,Dire Dawa,Public/Government,9.6415039,41.9079291
Abubeker Muti Health Post #4,Health Post,Harari,Public/Government,9.3455474,42.1131001
Kirkire Health Post #4,Health Post,Dire Dawa,Public/Government,9.5207812,41.7439778
Awoberkele Comprehensive Health Post #4,Health Post,Harari,Public/Government,9.3169552,42.1077323
Efoyita Health Center #4,Health Center,Addis Ababa,Public/Government,8.9970021,38.7741171
Addis Ketema Health Center #4,Health Center,Dire Dawa,Public/Government,9.5844558,41.8691215
Bokoji Primary Hospital #4,Hospital,Oromia,Public/Government,7.547733,39.257232
Dembi Dollo Compernsive Specialized Hospital #4,Hospital,Oromia,Public/Government,8.524316000000002,34.810909
Inemay Gemer Health Post #4,Health Post,Oromia,Public/Government,9.455818,35.647081
Danecho Health Post #4,Health Post,SNNP,Public/Government,7.9777086,38.2656212
Sibu Ebicha Health Post #4,Health Post,Oromia,Public/Government,9.248834,35.615077
Ynesa Lmrt Health Post #4,Health Post,Amhara,Public/Government,11.4092549,37.1562624
Tach Arisho Health Post #4,Health Post,SNNP,Public/Government,7.2895489,37.9983114
Hurumu Jibat Health Post #4,Health Post,Oromia,Public/Government,8.617993,37.434467
Geshe Health Post #4,Health Post,Oromia,Public/Government,8.1103956,36.4840386
Wachu Woltane Health Post #4,Health Post,Oromia,Public/Government,9.136578,40.952046
Elemo Health Center #4,Health Center,Oromia,Public/Government,8.4683168,35.8190455
Hidi Health Center #4,Health Center,Oromia,Public/Government,8.7938668,39.0852939
Balle Dorani Health Center #4,Health Center,Oromia,Public/Government,7.0890057,40.5177225
Feresbet Primery Hospital #4,Hospital,Amhara,Public/Government,10.8594161,37.6070263
Megele 29 Health Post #4,Health Post,Benishangul Gumz,Public/Government,10.0442623,34.5503978
Sorya  Health Post #4,Health Post,Tigray,Public/Government,12.385567,39.297735
Sugelitinen Health Post #4,Health Post,Benishangul Gumz,Public/Government,10.7198954,34.7715473
Hintsa Health Post #4,Health Post,Tigray,Public/Government,13.3165836,39.1772353
Dishi Geter Health Post #4,Health Post,South West Ethiopia,Public/Government,6.9623845,36.1927421
May Kuhli Health Center #4,Health Center,Tigray,Public/Government,14.217291,37.7328677
Gerhu Srnay Health Center #4,Health Center,Tigray,Public/Government,14.495671,39.1739197
Jidane Health Post #4,Health Post,Somali,Public/Government,9.6499514,41.8185267
Qaydar Health Post #4,Health Post,Somali,Public/Government,9.1103392,43.2300045
Legge Oda Mirga Health Post #5,Health Post,Dire Dawa,Public/Government,9.4938067,41.8504739
Mudi Aneno Health Post #5,Health Post,Dire Dawa,Public/Government,9.6425039,41.9089291
Abubeker Muti Health Post #5,Health Post,Harari,Public/Government,9.3465474,42.1141001
Kirkire Health Post #5,Health Post,Dire Dawa,Public/Government,9.5217812,41.7449778
Awoberkele Comprehensive Health Post #5,Health Post,Harari,Public/Government,9.3179552,42.1087323
Efoyita Health Center #5,Health Center,Addis Ababa,Public/Government,8.998002099999999,38.7751171
Addis Ketema Health Center #5,Health Center,Dire Dawa,Public/Government,9.5854558,41.8701215
Bokoji Primary Hospital #5,Hospital,Oromia,Public/Government,7.548732999999999,39.258232
Dembi Dollo Compernsive Specialized Hospital #5,Hospital,Oromia,Public/Government,8.525316000000002,34.811909
Inemay Gemer Health Post #5,Health Post,Oromia,Public/Government,9.456818,35.648081
Danecho Health Post #5,Health Post,SNNP,Public/Government,7.978708599999999,38.2666212
Sibu Ebicha Health Post #5,Health Post,Oromia,Public/Government,9.249834,35.616077
Ynesa Lmrt Health Post #5,Health Post,Amhara,Public/Government,11.4102549,37.1572624
Tach Arisho Health Post #5,Health Post,SNNP,Public/Government,7.290548899999999,37.9993114
Hurumu Jibat Health Post #5,Health Post,Oromia,Public/Government,8.618993,37.435467
Geshe Health Post #5,Health Post,Oromia,Public/Government,8.1113956,36.4850386
Wachu Woltane Health Post #5,Health Post,Oromia,Public/Government,9.137578,40.953046
Elemo Health Center #5,Health Center,Oromia,Public/Government,8.4693168,35.8200455
Hidi Health Center #5,Health Center,Oromia,Public/Government,8.7948668,39.0862939
Balle Dorani Health Center #5,Health Center,Oromia,Public/Government,7.0900057,40.5187225
Feresbet Primery Hospital #5,Hospital,Amhara,Public/Government,10.8604161,37.6080263
Megele 29 Health Post #5,Health Post,Benishangul Gumz,Public/Government,10.0452623,34.5513978
Sorya  Health Post #5,Health Post,Tigray,Public/Government,12.386567,39.298735
Sugelitinen Health Post #5,Health Post,Benishangul Gumz,Public/Government,10.7208954,34.7725473
Hintsa Health Post #5,Health Post,Tigray,Public/Government,13.3175836,39.1782353
Dishi Geter Health Post #5,Health Post,South West Ethiopia,Public/Government,6.963384499999999,36.1937421
May Kuhli Health Center #5,Health Center,Tigray,Public/Government,14.218291,37.7338677
Gerhu Srnay Health Center #5,Health Center,Tigray,Public/Government,14.496671,39.1749197
Jidane Health Post #5,Health Post,Somali,Public/Government,9.6509514,41.8195267
Qaydar Health Post #5,Health Post,Somali,Public/Government,9.1113392,43.2310045
Legge Oda Mirga Health Post #6,Health Post,Dire Dawa,Public/Government,9.494806700000002,41.8514739
Mudi Aneno Health Post #6,Health Post,Dire Dawa,Public/Government,9.6435039,41.9099291
Abubeker Muti Health Post #6,Health Post,Harari,Public/Government,9.347547400000002,42.1151001
Kirkire Health Post #6,Health Post,Dire Dawa,Public/Government,9.5227812,41.745977800000006
Awoberkele Comprehensive Health Post #6,Health Post,Harari,Public/Government,9.3189552,42.109732300000005
Efoyita Health Center #6,Health Center,Addis Ababa,Public/Government,8.9990021,38.7761171
Addis Ketema Health Center #6,Health Center,Dire Dawa,Public/Government,9.5864558,41.8711215
Bokoji Primary Hospital #6,Hospital,Oromia,Public/Government,7.549733,39.259232
Dembi Dollo Compernsive Specialized Hospital #6,Hospital,Oromia,Public/Government,8.526316000000003,34.812909000000005
Inemay Gemer Health Post #6,Health Post,Oromia,Public/Government,9.457818,35.649081
Danecho Health Post #6,Health Post,SNNP,Public/Government,7.979708599999999,38.2676212
Sibu Ebicha Health Post #6,Health Post,Oromia,Public/Government,9.250834,35.617077
Ynesa Lmrt Health Post #6,Health Post,Amhara,Public/Government,11.4112549,37.158262400000005
Tach Arisho Health Post #6,Health Post,SNNP,Public/Government,7.291548899999999,38.0003114
Hurumu Jibat Health Post #6,Health Post,Oromia,Public/Government,8.619993000000001,37.436467
Geshe Health Post #6,Health Post,Oromia,Public/Government,8.112395600000001,36.4860386
Wachu Woltane Health Post #6,Health Post,Oromia,Public/Government,9.138578,40.954046000000005
Elemo Health Center #6,Health Center,Oromia,Public/Government,8.4703168,35.821045500000004
Hidi Health Center #6,Health Center,Oromia,Public/Government,8.7958668,39.087293900000006
Balle Dorani Health Center #6,Health Center,Oromia,Public/Government,7.0910057,40.5197225
Feresbet Primery Hospital #6,Hospital,Amhara,Public/Government,10.8614161,37.6090263
Megele 29 Health Post #6,Health Post,Benishangul Gumz,Public/Government,10.0462623,34.5523978
Sorya  Health Post #6,Health Post,Tigray,Public/Government,12.387567,39.299735000000005
Sugelitinen Health Post #6,Health Post,Benishangul Gumz,Public/Government,10.7218954,34.773547300000004
Hintsa Health Post #6,Health Post,Tigray,Public/Government,13.3185836,39.1792353
Dishi Geter Health Post #6,Health Post,South West Ethiopia,Public/Government,6.9643845,36.1947421
May Kuhli Health Center #6,Health Center,Tigray,Public/Government,14.219291,37.7348677
Gerhu Srnay Health Center #6,Health Center,Tigray,Public/Government,14.497671,39.1759197
Jidane Health Post #6,Health Post,Somali,Public/Government,9.651951400000002,41.8205267
Qaydar Health Post #6,Health Post,Somali,Public/Government,9.1123392,43.2320045
Legge Oda Mirga Health Post #7,Health Post,Dire Dawa,Public/Government,9.4958067,41.8524739
Mudi Aneno Health Post #7,Health Post,Dire Dawa,Public/Government,9.6445039,41.9109291
Abubeker Muti Health Post #7,Health Post,Harari,Public/Government,9.3485474,42.1161001
Kirkire Health Post #7,Health Post,Dire Dawa,Public/Government,9.5237812,41.7469778
Awoberkele Comprehensive Health Post #7,Health Post,Harari,Public/Government,9.3199552,42.1107323
Efoyita Health Center #7,Health Center,Addis Ababa,Public/Government,9.0000021,38.7771171
Addis Ketema Health Center #7,Health Center,Dire Dawa,Public/Government,9.5874558,41.8721215
Bokoji Primary Hospital #7,Hospital,Oromia,Public/Government,7.550733,39.260232
Dembi Dollo Compernsive Specialized Hospital #7,Hospital,Oromia,Public/Government,8.527316000000003,34.813909
Inemay Gemer Health Post #7,Health Post,Oromia,Public/Government,9.458818,35.650081
Danecho Health Post #7,Health Post,SNNP,Public/Government,7.9807086,38.2686212
Sibu Ebicha Health Post #7,Health Post,Oromia,Public/Government,9.251834,35.618077
Ynesa Lmrt Health Post #7,Health Post,Amhara,Public/Government,11.4122549,37.1592624
Tach Arisho Health Post #7,Health Post,SNNP,Public/Government,7.2925489,38.0013114
Hurumu Jibat Health Post #7,Health Post,Oromia,Public/Government,8.620993,37.437467
Geshe Health Post #7,Health Post,Oromia,Public/Government,8.1133956,36.4870386
Wachu Woltane Health Post #7,Health Post,Oromia,Public/Government,9.139578,40.955046
Elemo Health Center #7,Health Center,Oromia,Public/Government,8.4713168,35.8220455
Hidi Health Center #7,Health Center,Oromia,Public/Government,8.7968668,39.0882939
Balle Dorani Health Center #7,Health Center,Oromia,Public/Government,7.0920057000000005,40.5207225
Feresbet Primery Hospital #7,Hospital,Amhara,Public/Government,10.8624161,37.6100263
Megele 29 Health Post #7,Health Post,Benishangul Gumz,Public/Government,10.0472623,34.5533978
Sorya  Health Post #7,Health Post,Tigray,Public/Government,12.388567,39.300735
Sugelitinen Health Post #7,Health Post,Benishangul Gumz,Public/Government,10.7228954,34.7745473
Hintsa Health Post #7,Health Post,Tigray,Public/Government,13.3195836,39.1802353
Dishi Geter Health Post #7,Health Post,South West Ethiopia,Public/Government,6.9653845,36.1957421
May Kuhli Health Center #7,Health Center,Tigray,Public/Government,14.220291,37.7358677
Gerhu Srnay Health Center #7,Health Center,Tigray,Public/Government,14.498671,39.1769197
Jidane Health Post #7,Health Post,Somali,Public/Government,9.6529514,41.8215267
Qaydar Health Post #7,Health Post,Somali,Public/Government,9.1133392,43.2330045
Legge Oda Mirga Health Post #8,Health Post,Dire Dawa,Public/Government,9.4968067,41.8534739
Mudi Aneno Health Post #8,Health Post,Dire Dawa,Public/Government,9.6455039,41.9119291
Abubeker Muti Health Post #8,Health Post,Harari,Public/Government,9.3495474,42.1171001
Kirkire Health Post #8,Health Post,Dire Dawa,Public/Government,9.5247812,41.7479778
Awoberkele Comprehensive Health Post #8,Health Post,Harari,Public/Government,9.3209552,42.1117323
Efoyita Health Center #8,Health Center,Addis Ababa,Public/Government,9.0010021,38.7781171
Addis Ketema Health Center #8,Health Center,Dire Dawa,Public/Government,9.5884558,41.8731215
Bokoji Primary Hospital #8,Hospital,Oromia,Public/Government,7.551733,39.261232
Dembi Dollo Compernsive Specialized Hospital #8,Hospital,Oromia,Public/Government,8.528316000000002,34.814909
Inemay Gemer Health Post #8,Health Post,Oromia,Public/Government,9.459818,35.651081
Danecho Health Post #8,Health Post,SNNP,Public/Government,7.981708599999999,38.2696212
Sibu Ebicha Health Post #8,Health Post,Oromia,Public/Government,9.252834,35.619077
Ynesa Lmrt Health Post #8,Health Post,Amhara,Public/Government,11.4132549,37.1602624
Tach Arisho Health Post #8,Health Post,SNNP,Public/Government,7.293548899999999,38.0023114
Hurumu Jibat Health Post #8,Health Post,Oromia,Public/Government,8.621993,37.438467
Geshe Health Post #8,Health Post,Oromia,Public/Government,8.1143956,36.4880386
Wachu Woltane Health Post #8,Health Post,Oromia,Public/Government,9.140578,40.956046
Elemo Health Center #8,Health Center,Oromia,Public/Government,8.4723168,35.8230455
Hidi Health Center #8,Health Center,Oromia,Public/Government,8.7978668,39.0892939
Balle Dorani Health Center #8,Health Center,Oromia,Public/Government,7.0930057,40.5217225
Feresbet Primery Hospital #8,Hospital,Amhara,Public/Government,10.8634161,37.6110263
Megele 29 Health Post #8,Health Post,Benishangul Gumz,Public/Government,10.0482623,34.5543978
Sorya  Health Post #8,Health Post,Tigray,Public/Government,12.389567,39.301735
Sugelitinen Health Post #8,Health Post,Benishangul Gumz,Public/Government,10.7238954,34.7755473
Hintsa Health Post #8,Health Post,Tigray,Public/Government,13.3205836,39.1812353
Dishi Geter Health Post #8,Health Post,South West Ethiopia,Public/Government,6.966384499999999,36.1967421
May Kuhli Health Center #8,Health Center,Tigray,Public/Government,14.221291,37.7368677
Gerhu Srnay Health Center #8,Health Center,Tigray,Public/Government,14.499671,39.1779197
Jidane Health Post #8,Health Post,Somali,Public/Government,9.6539514,41.8225267
Qaydar Health Post #8,Health Post,Somali,Public/Government,9.1143392,43.2340045
Legge Oda Mirga Health Post #9,Health Post,Dire Dawa,Public/Government,9.4978067,41.8544739
Mudi Aneno Health Post #9,Health Post,Dire Dawa,Public/Government,9.6465039,41.9129291
Abubeker Muti Health Post #9,Health Post,Harari,Public/Government,9.3505474,42.1181001
Kirkire Health Post #9,Health Post,Dire Dawa,Public/Government,9.5257812,41.748977800000006
Awoberkele Comprehensive Health Post #9,Health Post,Harari,Public/Government,9.3219552,42.112732300000005
Efoyita Health Center #9,Health Center,Addis Ababa,Public/Government,9.002002099999999,38.7791171
Addis Ketema Health Center #9,Health Center,Dire Dawa,Public/Government,9.5894558,41.8741215
Bokoji Primary Hospital #9,Hospital,Oromia,Public/Government,7.552733,39.262232
Dembi Dollo Compernsive Specialized Hospital #9,Hospital,Oromia,Public/Government,8.529316000000001,34.815909000000005
Inemay Gemer Health Post #9,Health Post,Oromia,Public/Government,9.460818,35.652081
Danecho Health Post #9,Health Post,SNNP,Public/Government,7.9827086,38.2706212
Sibu Ebicha Health Post #9,Health Post,Oromia,Public/Government,9.253834,35.620077
Ynesa Lmrt Health Post #9,Health Post,Amhara,Public/Government,11.4142549,37.161262400000005
Tach Arisho Health Post #9,Health Post,SNNP,Public/Government,7.2945489,38.0033114
Hurumu Jibat Health Post #9,Health Post,Oromia,Public/Government,8.622993,37.439467
Geshe Health Post #9,Health Post,Oromia,Public/Government,8.1153956,36.4890386
Wachu Woltane Health Post #9,Health Post,Oromia,Public/Government,9.141578,40.957046000000005
Elemo Health Center #9,Health Center,Oromia,Public/Government,8.4733168,35.824045500000004
Hidi Health Center #9,Health Center,Oromia,Public/Government,8.798866799999999,39.090293900000006
Balle Dorani Health Center #9,Health Center,Oromia,Public/Government,7.0940057,40.5227225
Feresbet Primery Hospital #9,Hospital,Amhara,Public/Government,10.8644161,37.6120263
Megele 29 Health Post #9,Health Post,Benishangul Gumz,Public/Government,10.0492623,34.5553978
Sorya  Health Post #9,Health Post,Tigray,Public/Government,12.390567,39.302735000000006
Sugelitinen Health Post #9,Health Post,Benishangul Gumz,Public/Government,10.7248954,34.776547300000004
Hintsa Health Post #9,Health Post,Tigray,Public/Government,13.3215836,39.1822353
Dishi Geter Health Post #9,Health Post,South West Ethiopia,Public/Government,6.9673845,36.1977421
May Kuhli Health Center #9,Health Center,Tigray,Public/Government,14.222290999999998,37.7378677
Gerhu Srnay Health Center #9,Health Center,Tigray,Public/Government,14.500671,39.1789197
Jidane Health Post #9,Health Post,Somali,Public/Government,9.6549514,41.8235267
Qaydar Health Post #9,Health Post,Somali,Public/Government,9.1153392,43.2350045
Legge Oda Mirga Health Post #10,Health Post,Dire Dawa,Public/Government,9.4988067,41.8554739
Mudi Aneno Health Post #10,Health Post,Dire Dawa,Public/Government,9.6475039,41.9139291
Abubeker Muti Health Post #10,Health Post,Harari,Public/Government,9.3515474,42.1191001
Kirkire Health Post #10,Health Post,Dire Dawa,Public/Government,9.5267812,41.7499778
Awoberkele Comprehensive Health Post #10,Health Post,Harari,Public/Government,9.3229552,42.1137323
Efoyita Health Center #10,Health Center,Addis Ababa,Public/Government,9.0030021,38.7801171
Addis Ketema Health Center #10,Health Center,Dire Dawa,Public/Government,9.5904558,41.8751215
Bokoji Primary Hospital #10,Hospital,Oromia,Public/Government,7.553733,39.263232
Dembi Dollo Compernsive Specialized Hospital #10,Hospital,Oromia,Public/Government,8.530316000000003,34.816909
Inemay Gemer Health Post #10,Health Post,Oromia,Public/Government,9.461818,35.653081
Danecho Health Post #10,Health Post,SNNP,Public/Government,7.9837086,38.2716212
Sibu Ebicha Health Post #10,Health Post,Oromia,Public/Government,9.254834,35.621077
Ynesa Lmrt Health Post #10,Health Post,Amhara,Public/Government,11.4152549,37.1622624
Tach Arisho Health Post #10,Health Post,SNNP,Public/Government,7.2955489,38.0043114
Hurumu Jibat Health Post #10,Health Post,Oromia,Public/Government,8.623993,37.440467
Geshe Health Post #10,Health Post,Oromia,Public/Government,8.1163956,36.4900386
Wachu Woltane Health Post #10,Health Post,Oromia,Public/Government,9.142578,40.958046
Elemo Health Center #10,Health Center,Oromia,Public/Government,8.4743168,35.8250455
Hidi Health Center #10,Health Center,Oromia,Public/Government,8.7998668,39.0912939
Balle Dorani Health Center #10,Health Center,Oromia,Public/Government,7.095005700000001,40.5237225
Feresbet Primery Hospital #10,Hospital,Amhara,Public/Government,10.8654161,37.6130263
Megele 29 Health Post #10,Health Post,Benishangul Gumz,Public/Government,10.0502623,34.5563978
Sorya  Health Post #10,Health Post,Tigray,Public/Government,12.391567,39.303735
Sugelitinen Health Post #10,Health Post,Benishangul Gumz,Public/Government,10.7258954,34.7775473
Hintsa Health Post #10,Health Post,Tigray,Public/Government,13.3225836,39.1832353
Dishi Geter Health Post #10,Health Post,South West Ethiopia,Public/Government,6.9683845,36.1987421
May Kuhli Health Center #10,Health Center,Tigray,Public/Government,14.223291,37.7388677
Gerhu Srnay Health Center #10,Health Center,Tigray,Public/Government,14.501671,39.1799197
Jidane Health Post #10,Health Post,Somali,Public/Government,9.6559514,41.8245267
Qaydar Health Post #10,Health Post,Somali,Public/Government,9.1163392,43.2360045
Legge Oda Mirga Health Post #11,Health Post,Dire Dawa,Public/Government,9.4998067,41.8564739
Mudi Aneno Health Post #11,Health Post,Dire Dawa,Public/Government,9.6485039,41.9149291
Abubeker Muti Health Post #11,Health Post,Harari,Public/Government,9.3525474,42.1201001
Kirkire Health Post #11,Health Post,Dire Dawa,Public/Government,9.5277812,41.7509778
Awoberkele Comprehensive Health Post #11,Health Post,Harari,Public/Government,9.3239552,42.1147323
Efoyita Health Center #11,Health Center,Addis Ababa,Public/Government,9.0040021,38.7811171
Addis Ketema Health Center #11,Health Center,Dire Dawa,Public/Government,9.5914558,41.8761215
Bokoji Primary Hospital #11,Hospital,Oromia,Public/Government,7.554733,39.264232
Dembi Dollo Compernsive Specialized Hospital #11,Hospital,Oromia,Public/Government,8.531316000000002,34.817909
Inemay Gemer Health Post #11,Health Post,Oromia,Public/Government,9.462818,35.654081
Danecho Health Post #11,Health Post,SNNP,Public/Government,7.984708599999999,38.2726212
Sibu Ebicha Health Post #11,Health Post,Oromia,Public/Government,9.255834,35.622077
Ynesa Lmrt Health Post #11,Health Post,Amhara,Public/Government,11.4162549,37.1632624
Tach Arisho Health Post #11,Health Post,SNNP,Public/Government,7.296548899999999,38.0053114
Hurumu Jibat Health Post #11,Health Post,Oromia,Public/Government,8.624993,37.441467
Geshe Health Post #11,Health Post,Oromia,Public/Government,8.1173956,36.4910386
Wachu Woltane Health Post #11,Health Post,Oromia,Public/Government,9.143578,40.959046
Elemo Health Center #11,Health Center,Oromia,Public/Government,8.4753168,35.8260455
Hidi Health Center #11,Health Center,Oromia,Public/Government,8.8008668,39.0922939
Balle Dorani Health Center #11,Health Center,Oromia,Public/Government,7.0960057,40.5247225
Feresbet Primery Hospital #11,Hospital,Amhara,Public/Government,10.8664161,37.6140263
Megele 29 Health Post #11,Health Post,Benishangul Gumz,Public/Government,10.0512623,34.5573978
Sorya  Health Post #11,Health Post,Tigray,Public/Government,12.392567,39.304735
Sugelitinen Health Post #11,Health Post,Benishangul Gumz,Public/Government,10.7268954,34.7785473
Hintsa Health Post #11,Health Post,Tigray,Public/Government,13.3235836,39.1842353
Dishi Geter Health Post #11,Health Post,South West Ethiopia,Public/Government,6.969384499999999,36.1997421
May Kuhli Health Center #11,Health Center,Tigray,Public/Government,14.224291,37.7398677
Gerhu Srnay Health Center #11,Health Center,Tigray,Public/Government,14.502671,39.1809197
Jidane Health Post #11,Health Post,Somali,Public/Government,9.6569514,41.8255267
Qaydar Health Post #11,Health Post,Somali,Public/Government,9.1173392,43.2370045
Legge Oda Mirga Health Post #12,Health Post,Dire Dawa,Public/Government,9.5008067,41.8574739
Mudi Aneno Health Post #12,Health Post,Dire Dawa,Public/Government,9.6495039,41.9159291
Abubeker Muti Health Post #12,Health Post,Harari,Public/Government,9.3535474,42.1211001
Kirkire Health Post #12,Health Post,Dire Dawa,Public/Government,9.5287812,41.751977800000006
Awoberkele Comprehensive Health Post #12,Health Post,Harari,Public/Government,9.3249552,42.115732300000005
Efoyita Health Center #12,Health Center,Addis Ababa,Public/Government,9.005002099999999,38.7821171
Addis Ketema Health Center #12,Health Center,Dire Dawa,Public/Government,9.5924558,41.8771215
Bokoji Primary Hospital #12,Hospital,Oromia,Public/Government,7.555733,39.265232000000005
Dembi Dollo Compernsive Specialized Hospital #12,Hospital,Oromia,Public/Government,8.532316000000002,34.818909000000005
Inemay Gemer Health Post #12,Health Post,Oromia,Public/Government,9.463818,35.655081
Danecho Health Post #12,Health Post,SNNP,Public/Government,7.9857086,38.2736212
Sibu Ebicha Health Post #12,Health Post,Oromia,Public/Government,9.256834,35.623077
Ynesa Lmrt Health Post #12,Health Post,Amhara,Public/Government,11.4172549,37.164262400000005
Tach Arisho Health Post #12,Health Post,SNNP,Public/Government,7.2975489,38.0063114
Hurumu Jibat Health Post #12,Health Post,Oromia,Public/Government,8.625993,37.442467
Geshe Health Post #12,Health Post,Oromia,Public/Government,8.1183956,36.4920386
Wachu Woltane Health Post #12,Health Post,Oromia,Public/Government,9.144578,40.960046000000006
Elemo Health Center #12,Health Center,Oromia,Public/Government,8.4763168,35.827045500000004
Hidi Health Center #12,Health Center,Oromia,Public/Government,8.801866799999999,39.093293900000006
Balle Dorani Health Center #12,Health Center,Oromia,Public/Government,7.0970057,40.5257225
Feresbet Primery Hospital #12,Hospital,Amhara,Public/Government,10.8674161,37.6150263
Megele 29 Health Post #12,Health Post,Benishangul Gumz,Public/Government,10.0522623,34.5583978
Sorya  Health Post #12,Health Post,Tigray,Public/Government,12.393567,39.305735000000006
Sugelitinen Health Post #12,Health Post,Benishangul Gumz,Public/Government,10.7278954,34.779547300000004
Hintsa Health Post #12,Health Post,Tigray,Public/Government,13.3245836,39.1852353
Dishi Geter Health Post #12,Health Post,South West Ethiopia,Public/Government,6.9703845,36.2007421
May Kuhli Health Center #12,Health Center,Tigray,Public/Government,14.225291,37.7408677
Gerhu Srnay Health Center #12,Health Center,Tigray,Public/Government,14.503671,39.1819197
Jidane Health Post #12,Health Post,Somali,Public/Government,9.6579514,41.8265267
Qaydar Health Post #12,Health Post,Somali,Public/Government,9.1183392,43.2380045
Legge Oda Mirga Health Post #13,Health Post,Dire Dawa,Public/Government,9.5018067,41.8584739
Mudi Aneno Health Post #13,Health Post,Dire Dawa,Public/Government,9.6505039,41.9169291
Abubeker Muti Health Post #13,Health Post,Harari,Public/Government,9.3545474,42.1221001
Kirkire Health Post #13,Health Post,Dire Dawa,Public/Government,9.5297812,41.7529778
Awoberkele Comprehensive Health Post #13,Health Post,Harari,Public/Government,9.3259552,42.1167323
Efoyita Health Center #13,Health Center,Addis Ababa,Public/Government,9.0060021,38.7831171
Addis Ketema Health Center #13,Health Center,Dire Dawa,Public/Government,9.5934558,41.8781215
Bokoji Primary Hospital #13,Hospital,Oromia,Public/Government,7.556732999999999,39.266232
Dembi Dollo Compernsive Specialized Hospital #13,Hospital,Oromia,Public/Government,8.533316000000003,34.819909
Inemay Gemer Health Post #13,Health Post,Oromia,Public/Government,9.464818,35.656081
Danecho Health Post #13,Health Post,SNNP,Public/Government,7.986708599999999,38.2746212
Sibu Ebicha Health Post #13,Health Post,Oromia,Public/Government,9.257834,35.624077
Ynesa Lmrt Health Post #13,Health Post,Amhara,Public/Government,11.4182549,37.1652624
Tach Arisho Health Post #13,Health Post,SNNP,Public/Government,7.298548899999999,38.0073114
Hurumu Jibat Health Post #13,Health Post,Oromia,Public/Government,8.626993,37.443467
Geshe Health Post #13,Health Post,Oromia,Public/Government,8.1193956,36.4930386
Wachu Woltane Health Post #13,Health Post,Oromia,Public/Government,9.145578,40.961046
Elemo Health Center #13,Health Center,Oromia,Public/Government,8.4773168,35.8280455
Hidi Health Center #13,Health Center,Oromia,Public/Government,8.8028668,39.0942939
Balle Dorani Health Center #13,Health Center,Oromia,Public/Government,7.0980057,40.5267225
Feresbet Primery Hospital #13,Hospital,Amhara,Public/Government,10.8684161,37.6160263
Megele 29 Health Post #13,Health Post,Benishangul Gumz,Public/Government,10.0532623,34.5593978
Sorya  Health Post #13,Health Post,Tigray,Public/Government,12.394567,39.306735
Sugelitinen Health Post #13,Health Post,Benishangul Gumz,Public/Government,10.7288954,34.7805473
Hintsa Health Post #13,Health Post,Tigray,Public/Government,13.3255836,39.1862353
Dishi Geter Health Post #13,Health Post,South West Ethiopia,Public/Government,6.971384499999999,36.2017421
May Kuhli Health Center #13,Health Center,Tigray,Public/Government,14.226291,37.7418677
Gerhu Srnay Health Center #13,Health Center,Tigray,Public/Government,14.504671,39.1829197
Jidane Health Post #13,Health Post,Somali,Public/Government,9.6589514,41.8275267
Qaydar Health Post #13,Health Post,Somali,Public/Government,9.1193392,43.2390045
Legge Oda Mirga Health Post #14,Health Post,Dire Dawa,Public/Government,9.5028067,41.8594739
Mudi Aneno Health Post #14,Health Post,Dire Dawa,Public/Government,9.6515039,41.9179291
Abubeker Muti Health Post #14,Health Post,Harari,Public/Government,9.3555474,42.1231001
Kirkire Health Post #14,Health Post,Dire Dawa,Public/Government,9.5307812,41.7539778
Awoberkele Comprehensive Health Post #14,Health Post,Harari,Public/Government,9.3269552,42.1177323
Efoyita Health Center #14,Health Center,Addis Ababa,Public/Government,9.0070021,38.7841171
Addis Ketema Health Center #14,Health Center,Dire Dawa,Public/Government,9.5944558,41.8791215
Bokoji Primary Hospital #14,Hospital,Oromia,Public/Government,7.557733,39.267232
Dembi Dollo Compernsive Specialized Hospital #14,Hospital,Oromia,Public/Government,8.534316000000002,34.820909
Inemay Gemer Health Post #14,Health Post,Oromia,Public/Government,9.465818,35.657081
Danecho Health Post #14,Health Post,SNNP,Public/Government,7.987708599999999,38.2756212
Sibu Ebicha Health Post #14,Health Post,Oromia,Public/Government,9.258834,35.625077
Ynesa Lmrt Health Post #14,Health Post,Amhara,Public/Government,11.4192549,37.1662624
Tach Arisho Health Post #14,Health Post,SNNP,Public/Government,7.2995489,38.0083114
Hurumu Jibat Health Post #14,Health Post,Oromia,Public/Government,8.627993,37.444467
Geshe Health Post #14,Health Post,Oromia,Public/Government,8.1203956,36.4940386
Wachu Woltane Health Post #14,Health Post,Oromia,Public/Government,9.146578,40.962046
Elemo Health Center #14,Health Center,Oromia,Public/Government,8.4783168,35.8290455
Hidi Health Center #14,Health Center,Oromia,Public/Government,8.8038668,39.0952939
Balle Dorani Health Center #14,Health Center,Oromia,Public/Government,7.0990057,40.5277225
Feresbet Primery Hospital #14,Hospital,Amhara,Public/Government,10.8694161,37.6170263
Megele 29 Health Post #14,Health Post,Benishangul Gumz,Public/Government,10.0542623,34.5603978
Sorya  Health Post #14,Health Post,Tigray,Public/Government,12.395567,39.307735
Sugelitinen Health Post #14,Health Post,Benishangul Gumz,Public/Government,10.7298954,34.7815473
Hintsa Health Post #14,Health Post,Tigray,Public/Government,13.3265836,39.1872353
Dishi Geter Health Post #14,Health Post,South West Ethiopia,Public/Government,6.9723845,36.2027421
May Kuhli Health Center #14,Health Center,Tigray,Public/Government,14.227291,37.7428677
Gerhu Srnay Health Center #14,Health Center,Tigray,Public/Government,14.505671,39.1839197
Jidane Health Post #14,Health Post,Somali,Public/Government,9.6599514,41.8285267
Qaydar Health Post #14,Health Post,Somali,Public/Government,9.1203392,43.2400045
Legge Oda Mirga Health Post #15,Health Post,Dire Dawa,Public/Government,9.5038067,41.8604739
Mudi Aneno Health Post #15,Health Post,Dire Dawa,Public/Government,9.6525039,41.9189291
Abubeker Muti Health Post #15,Health Post,Harari,Public/Government,9.3565474,42.1241001
Kirkire Health Post #15,Health Post,Dire Dawa,Public/Government,9.5317812,41.754977800000006
Awoberkele Comprehensive Health Post #15,Health Post,Harari,Public/Government,9.3279552,42.118732300000005
Efoyita Health Center #15,Health Center,Addis Ababa,Public/Government,9.0080021,38.7851171
Addis Ketema Health Center #15,Health Center,Dire Dawa,Public/Government,9.5954558,41.8801215
Bokoji Primary Hospital #15,Hospital,Oromia,Public/Government,7.558733,39.268232000000005
Dembi Dollo Compernsive Specialized Hospital #15,Hospital,Oromia,Public/Government,8.535316000000002,34.821909000000005
Inemay Gemer Health Post #15,Health Post,Oromia,Public/Government,9.466818,35.658081
Danecho Health Post #15,Health Post,SNNP,Public/Government,7.9887086,38.2766212
Sibu Ebicha Health Post #15,Health Post,Oromia,Public/Government,9.259834,35.626077
Ynesa Lmrt Health Post #15,Health Post,Amhara,Public/Government,11.4202549,37.167262400000006
Tach Arisho Health Post #15,Health Post,SNNP,Public/Government,7.3005489,38.0093114
Hurumu Jibat Health Post #15,Health Post,Oromia,Public/Government,8.628993,37.445467
Geshe Health Post #15,Health Post,Oromia,Public/Government,8.1213956,36.4950386
Wachu Woltane Health Post #15,Health Post,Oromia,Public/Government,9.147578,40.963046000000006
Elemo Health Center #15,Health Center,Oromia,Public/Government,8.4793168,35.830045500000004
Hidi Health Center #15,Health Center,Oromia,Public/Government,8.8048668,39.096293900000006
Balle Dorani Health Center #15,Health Center,Oromia,Public/Government,7.1000057000000005,40.5287225
Feresbet Primery Hospital #15,Hospital,Amhara,Public/Government,10.8704161,37.6180263
Megele 29 Health Post #15,Health Post,Benishangul Gumz,Public/Government,10.0552623,34.5613978
Sorya  Health Post #15,Health Post,Tigray,Public/Government,12.396567,39.308735000000006
Sugelitinen Health Post #15,Health Post,Benishangul Gumz,Public/Government,10.7308954,34.782547300000004
Hintsa Health Post #15,Health Post,Tigray,Public/Government,13.3275836,39.1882353
Dishi Geter Health Post #15,Health Post,South West Ethiopia,Public/Government,6.9733845,36.2037421
May Kuhli Health Center #15,Health Center,Tigray,Public/Government,14.228291,37.7438677
Gerhu Srnay Health Center #15,Health Center,Tigray,Public/Government,14.506671,39.1849197
Jidane Health Post #15,Health Post,Somali,Public/Government,9.6609514,41.8295267
Qaydar Health Post #15,Health Post,Somali,Public/Government,9.1213392,43.2410045
Legge Oda Mirga Health Post #16,Health Post,Dire Dawa,Public/Government,9.5048067,41.8614739
Mudi Aneno Health Post #16,Health Post,Dire Dawa,Public/Government,9.6535039,41.9199291
Abubeker Muti Health Post #16,Health Post,Harari,Public/Government,9.3575474,42.1251001
Kirkire Health Post #16,Health Post,Dire Dawa,Public/Government,9.5327812,41.7559778
Awoberkele Comprehensive Health Post #16,Health Post,Harari,Public/Government,9.3289552,42.1197323
Efoyita Health Center #16,Health Center,Addis Ababa,Public/Government,9.0090021,38.7861171
Addis Ketema Health Center #16,Health Center,Dire Dawa,Public/Government,9.5964558,41.8811215
Bokoji Primary Hospital #16,Hospital,Oromia,Public/Government,7.559733,39.269232
Dembi Dollo Compernsive Specialized Hospital #16,Hospital,Oromia,Public/Government,8.536316000000003,34.822909
Inemay Gemer Health Post #16,Health Post,Oromia,Public/Government,9.467818,35.659081
Danecho Health Post #16,Health Post,SNNP,Public/Government,7.989708599999999,38.2776212
Sibu Ebicha Health Post #16,Health Post,Oromia,Public/Government,9.260834,35.627077
Ynesa Lmrt Health Post #16,Health Post,Amhara,Public/Government,11.4212549,37.1682624
Tach Arisho Health Post #16,Health Post,SNNP,Public/Government,7.301548899999999,38.0103114
Hurumu Jibat Health Post #16,Health Post,Oromia,Public/Government,8.629993,37.446467
Geshe Health Post #16,Health Post,Oromia,Public/Government,8.1223956,36.4960386
Wachu Woltane Health Post #16,Health Post,Oromia,Public/Government,9.148578,40.964046
Elemo Health Center #16,Health Center,Oromia,Public/Government,8.4803168,35.8310455
Hidi Health Center #16,Health Center,Oromia,Public/Government,8.8058668,39.0972939
Balle Dorani Health Center #16,Health Center,Oromia,Public/Government,7.1010057,40.5297225
Feresbet Primery Hospital #16,Hospital,Amhara,Public/Government,10.8714161,37.6190263
Megele 29 Health Post #16,Health Post,Benishangul Gumz,Public/Government,10.0562623,34.5623978
Sorya  Health Post #16,Health Post,Tigray,Public/Government,12.397567,39.309735
Sugelitinen Health Post #16,Health Post,Benishangul Gumz,Public/Government,10.7318954,34.7835473
Hintsa Health Post #16,Health Post,Tigray,Public/Government,13.3285836,39.1892353
Dishi Geter Health Post #16,Health Post,South West Ethiopia,Public/Government,6.974384499999999,36.2047421
May Kuhli Health Center #16,Health Center,Tigray,Public/Government,14.229291,37.7448677
Gerhu Srnay Health Center #16,Health Center,Tigray,Public/Government,14.507671,39.1859197
Jidane Health Post #16,Health Post,Somali,Public/Government,9.6619514,41.8305267
Qaydar Health Post #16,Health Post,Somali,Public/Government,9.1223392,43.2420045
Legge Oda Mirga Health Post #17,Health Post,Dire Dawa,Public/Government,9.5058067,41.8624739
Mudi Aneno Health Post #17,Health Post,Dire Dawa,Public/Government,9.6545039,41.9209291
Abubeker Muti Health Post #17,Health Post,Harari,Public/Government,9.3585474,42.1261001
Kirkire Health Post #17,Health Post,Dire Dawa,Public/Government,9.5337812,41.7569778
Awoberkele Comprehensive Health Post #17,Health Post,Harari,Public/Government,9.3299552,42.1207323
Efoyita Health Center #17,Health Center,Addis Ababa,Public/Government,9.0100021,38.7871171
Addis Ketema Health Center #17,Health Center,Dire Dawa,Public/Government,9.5974558,41.8821215
Bokoji Primary Hospital #17,Hospital,Oromia,Public/Government,7.560733,39.270232
Dembi Dollo Compernsive Specialized Hospital #17,Hospital,Oromia,Public/Government,8.537316000000002,34.823909
Inemay Gemer Health Post #17,Health Post,Oromia,Public/Government,9.468818,35.660081
Danecho Health Post #17,Health Post,SNNP,Public/Government,7.9907086,38.2786212
Sibu Ebicha Health Post #17,Health Post,Oromia,Public/Government,9.261834,35.628077
Ynesa Lmrt Health Post #17,Health Post,Amhara,Public/Government,11.4222549,37.1692624
Tach Arisho Health Post #17,Health Post,SNNP,Public/Government,7.3025489,38.0113114
Hurumu Jibat Health Post #17,Health Post,Oromia,Public/Government,8.630993,37.447467
Geshe Health Post #17,Health Post,Oromia,Public/Government,8.1233956,36.4970386
Wachu Woltane Health Post #17,Health Post,Oromia,Public/Government,9.149578,40.965046
Elemo Health Center #17,Health Center,Oromia,Public/Government,8.4813168,35.8320455
Hidi Health Center #17,Health Center,Oromia,Public/Government,8.8068668,39.0982939
Balle Dorani Health Center #17,Health Center,Oromia,Public/Government,7.1020057,40.5307225
Feresbet Primery Hospital #17,Hospital,Amhara,Public/Government,10.8724161,37.6200263
Megele 29 Health Post #17,Health Post,Benishangul Gumz,Public/Government,10.0572623,34.5633978
Sorya  Health Post #17,Health Post,Tigray,Public/Government,12.398567,39.310735
Sugelitinen Health Post #17,Health Post,Benishangul Gumz,Public/Government,10.7328954,34.7845473
Hintsa Health Post #17,Health Post,Tigray,Public/Government,13.3295836,39.1902353
Dishi Geter Health Post #17,Health Post,South West Ethiopia,Public/Government,6.9753845,36.2057421
May Kuhli Health Center #17,Health Center,Tigray,Public/Government,14.230291,37.7458677
Gerhu Srnay Health Center #17,Health Center,Tigray,Public/Government,14.508671,39.1869197
Jidane Health Post #17,Health Post,Somali,Public/Government,9.6629514,41.8315267
Qaydar Health Post #17,Health Post,Somali,Public/Government,9.1233392,43.2430045
Legge Oda Mirga Health Post #18,Health Post,Dire Dawa,Public/Government,9.5068067,41.8634739
Mudi Aneno Health Post #18,Health Post,Dire Dawa,Public/Government,9.6555039,41.9219291
Abubeker Muti Health Post #18,Health Post,Harari,Public/Government,9.3595474,42.1271001
Kirkire Health Post #18,Health Post,Dire Dawa,Public/Government,9.5347812,41.757977800000006
Awoberkele Comprehensive Health Post #18,Health Post,Harari,Public/Government,9.3309552,42.121732300000005
Efoyita Health Center #18,Health Center,Addis Ababa,Public/Government,9.0110021,38.7881171
Addis Ketema Health Center #18,Health Center,Dire Dawa,Public/Government,9.5984558,41.8831215
Bokoji Primary Hospital #18,Hospital,Oromia,Public/Government,7.561733,39.271232000000005
Dembi Dollo Compernsive Specialized Hospital #18,Hospital,Oromia,Public/Government,8.538316000000002,34.824909000000005
Inemay Gemer Health Post #18,Health Post,Oromia,Public/Government,9.469818,35.661081
Danecho Health Post #18,Health Post,SNNP,Public/Government,7.9917086,38.2796212
Sibu Ebicha Health Post #18,Health Post,Oromia,Public/Government,9.262834,35.629077
Ynesa Lmrt Health Post #18,Health Post,Amhara,Public/Government,11.4232549,37.170262400000006
Tach Arisho Health Post #18,Health Post,SNNP,Public/Government,7.3035489,38.0123114
Hurumu Jibat Health Post #18,Health Post,Oromia,Public/Government,8.631993,37.448467
Geshe Health Post #18,Health Post,Oromia,Public/Government,8.1243956,36.4980386
Wachu Woltane Health Post #18,Health Post,Oromia,Public/Government,9.150578,40.966046000000006
Elemo Health Center #18,Health Center,Oromia,Public/Government,8.4823168,35.833045500000004
Hidi Health Center #18,Health Center,Oromia,Public/Government,8.8078668,39.099293900000006
Balle Dorani Health Center #18,Health Center,Oromia,Public/Government,7.103005700000001,40.5317225
Feresbet Primery Hospital #18,Hospital,Amhara,Public/Government,10.8734161,37.6210263
Megele 29 Health Post #18,Health Post,Benishangul Gumz,Public/Government,10.0582623,34.5643978
Sorya  Health Post #18,Health Post,Tigray,Public/Government,12.399567,39.311735000000006
Sugelitinen Health Post #18,Health Post,Benishangul Gumz,Public/Government,10.7338954,34.785547300000005
Hintsa Health Post #18,Health Post,Tigray,Public/Government,13.3305836,39.1912353
Dishi Geter Health Post #18,Health Post,South West Ethiopia,Public/Government,6.9763845,36.2067421
May Kuhli Health Center #18,Health Center,Tigray,Public/Government,14.231291,37.7468677
Gerhu Srnay Health Center #18,Health Center,Tigray,Public/Government,14.509671,39.1879197
Jidane Health Post #18,Health Post,Somali,Public/Government,9.6639514,41.8325267
Qaydar Health Post #18,Health Post,Somali,Public/Government,9.1243392,43.2440045
Legge Oda Mirga Health Post #19,Health Post,Dire Dawa,Public/Government,9.5078067,41.8644739
Mudi Aneno Health Post #19,Health Post,Dire Dawa,Public/Government,9.6565039,41.9229291
Abubeker Muti Health Post #19,Health Post,Harari,Public/Government,9.360547400000002,42.1281001
Kirkire Health Post #19,Health Post,Dire Dawa,Public/Government,9.5357812,41.7589778
Awoberkele Comprehensive Health Post #19,Health Post,Harari,Public/Government,9.3319552,42.1227323
Efoyita Health Center #19,Health Center,Addis Ababa,Public/Government,9.0120021,38.7891171
Addis Ketema Health Center #19,Health Center,Dire Dawa,Public/Government,9.5994558,41.8841215
Bokoji Primary Hospital #19,Hospital,Oromia,Public/Government,7.562733,39.272232
Dembi Dollo Compernsive Specialized Hospital #19,Hospital,Oromia,Public/Government,8.539316000000003,34.825909
Inemay Gemer Health Post #19,Health Post,Oromia,Public/Government,9.470818,35.662081
Danecho Health Post #19,Health Post,SNNP,Public/Government,7.992708599999999,38.2806212
Sibu Ebicha Health Post #19,Health Post,Oromia,Public/Government,9.263834,35.630077
Ynesa Lmrt Health Post #19,Health Post,Amhara,Public/Government,11.4242549,37.1712624
Tach Arisho Health Post #19,Health Post,SNNP,Public/Government,7.304548899999999,38.0133114
Hurumu Jibat Health Post #19,Health Post,Oromia,Public/Government,8.632993,37.449467
Geshe Health Post #19,Health Post,Oromia,Public/Government,8.125395600000001,36.4990386
Wachu Woltane Health Post #19,Health Post,Oromia,Public/Government,9.151578,40.967046
Elemo Health Center #19,Health Center,Oromia,Public/Government,8.4833168,35.8340455
Hidi Health Center #19,Health Center,Oromia,Public/Government,8.8088668,39.1002939
Balle Dorani Health Center #19,Health Center,Oromia,Public/Government,7.1040057,40.5327225
Feresbet Primery Hospital #19,Hospital,Amhara,Public/Government,10.8744161,37.6220263
Megele 29 Health Post #19,Health Post,Benishangul Gumz,Public/Government,10.0592623,34.5653978
Sorya  Health Post #19,Health Post,Tigray,Public/Government,12.400567,39.312735
Sugelitinen Health Post #19,Health Post,Benishangul Gumz,Public/Government,10.7348954,34.7865473
Hintsa Health Post #19,Health Post,Tigray,Public/Government,13.3315836,39.1922353
Dishi Geter Health Post #19,Health Post,South West Ethiopia,Public/Government,6.977384499999999,36.2077421
May Kuhli Health Center #19,Health Center,Tigray,Public/Government,14.232291,37.7478677
Gerhu Srnay Health Center #19,Health Center,Tigray,Public/Government,14.510671,39.1889197
Jidane Health Post #19,Health Post,Somali,Public/Government,9.6649514,41.8335267
Qaydar Health Post #19,Health Post,Somali,Public/Government,9.1253392,43.2450045
Legge Oda Mirga Health Post #20,Health Post,Dire Dawa,Public/Government,9.5088067,41.8654739
Mudi Aneno Health Post #20,Health Post,Dire Dawa,Public/Government,9.6575039,41.9239291
Abubeker Muti Health Post #20,Health Post,Harari,Public/Government,9.3615474,42.1291001
Kirkire Health Post #20,Health Post,Dire Dawa,Public/Government,9.5367812,41.7599778
Awoberkele Comprehensive Health Post #20,Health Post,Harari,Public/Government,9.3329552,42.1237323
Efoyita Health Center #20,Health Center,Addis Ababa,Public/Government,9.0130021,38.7901171
Addis Ketema Health Center #20,Health Center,Dire Dawa,Public/Government,9.6004558,41.8851215
Bokoji Primary Hospital #20,Hospital,Oromia,Public/Government,7.563733,39.273232
Dembi Dollo Compernsive Specialized Hospital #20,Hospital,Oromia,Public/Government,8.540316000000002,34.826909
Inemay Gemer Health Post #20,Health Post,Oromia,Public/Government,9.471818,35.663081
Danecho Health Post #20,Health Post,SNNP,Public/Government,7.9937086,38.2816212
Sibu Ebicha Health Post #20,Health Post,Oromia,Public/Government,9.264834,35.631077
Ynesa Lmrt Health Post #20,Health Post,Amhara,Public/Government,11.4252549,37.1722624
Tach Arisho Health Post #20,Health Post,SNNP,Public/Government,7.3055489,38.0143114
Hurumu Jibat Health Post #20,Health Post,Oromia,Public/Government,8.633993,37.450467
Geshe Health Post #20,Health Post,Oromia,Public/Government,8.1263956,36.5000386
Wachu Woltane Health Post #20,Health Post,Oromia,Public/Government,9.152578,40.968046
Elemo Health Center #20,Health Center,Oromia,Public/Government,8.4843168,35.8350455
Hidi Health Center #20,Health Center,Oromia,Public/Government,8.8098668,39.1012939
Balle Dorani Health Center #20,Health Center,Oromia,Public/Government,7.1050057,40.5337225
Feresbet Primery Hospital #20,Hospital,Amhara,Public/Government,10.8754161,37.6230263
Megele 29 Health Post #20,Health Post,Benishangul Gumz,Public/Government,10.0602623,34.5663978
Sorya  Health Post #20,Health Post,Tigray,Public/Government,12.401567,39.313735
Sugelitinen Health Post #20,Health Post,Benishangul Gumz,Public/Government,10.7358954,34.7875473
Hintsa Health Post #20,Health Post,Tigray,Public/Government,13.3325836,39.1932353
Dishi Geter Health Post #20,Health Post,South West Ethiopia,Public/Government,6.9783845,36.2087421
May Kuhli Health Center #20,Health Center,Tigray,Public/Government,14.233291,37.7488677
Gerhu Srnay Health Center #20,Health Center,Tigray,Public/Government,14.511671,39.1899197
Jidane Health Post #20,Health Post,Somali,Public/Government,9.6659514,41.8345267
Qaydar Health Post #20,Health Post,Somali,Public/Government,9.1263392,43.2460045
Legge Oda Mirga Health Post #21,Health Post,Dire Dawa,Public/Government,9.5098067,41.8664739
Mudi Aneno Health Post #21,Health Post,Dire Dawa,Public/Government,9.6585039,41.9249291
Abubeker Muti Health Post #21,Health Post,Harari,Public/Government,9.3625474,42.1301001
Kirkire Health Post #21,Health Post,Dire Dawa,Public/Government,9.5377812,41.760977800000006
Awoberkele Comprehensive Health Post #21,Health Post,Harari,Public/Government,9.3339552,42.124732300000005
Efoyita Health Center #21,Health Center,Addis Ababa,Public/Government,9.0140021,38.7911171
Addis Ketema Health Center #21,Health Center,Dire Dawa,Public/Government,9.6014558,41.8861215
Bokoji Primary Hospital #21,Hospital,Oromia,Public/Government,7.564732999999999,39.274232000000005
Dembi Dollo Compernsive Specialized Hospital #21,Hospital,Oromia,Public/Government,8.541316000000002,34.827909000000005
Inemay Gemer Health Post #21,Health Post,Oromia,Public/Government,9.472818,35.664081
Danecho Health Post #21,Health Post,SNNP,Public/Government,7.994708599999999,38.2826212
Sibu Ebicha Health Post #21,Health Post,Oromia,Public/Government,9.265834,35.632077
Ynesa Lmrt Health Post #21,Health Post,Amhara,Public/Government,11.4262549,37.173262400000006
Tach Arisho Health Post #21,Health Post,SNNP,Public/Government,7.306548899999999,38.0153114
Hurumu Jibat Health Post #21,Health Post,Oromia,Public/Government,8.634993,37.451467
Geshe Health Post #21,Health Post,Oromia,Public/Government,8.1273956,36.5010386
Wachu Woltane Health Post #21,Health Post,Oromia,Public/Government,9.153578,40.969046000000006
Elemo Health Center #21,Health Center,Oromia,Public/Government,8.4853168,35.836045500000004
Hidi Health Center #21,Health Center,Oromia,Public/Government,8.8108668,39.10229390000001
Balle Dorani Health Center #21,Health Center,Oromia,Public/Government,7.1060057,40.5347225
Feresbet Primery Hospital #21,Hospital,Amhara,Public/Government,10.8764161,37.6240263
Megele 29 Health Post #21,Health Post,Benishangul Gumz,Public/Government,10.0612623,34.5673978
Sorya  Health Post #21,Health Post,Tigray,Public/Government,12.402567,39.314735000000006
Sugelitinen Health Post #21,Health Post,Benishangul Gumz,Public/Government,10.7368954,34.788547300000005
Hintsa Health Post #21,Health Post,Tigray,Public/Government,13.3335836,39.1942353
Dishi Geter Health Post #21,Health Post,South West Ethiopia,Public/Government,6.979384499999999,36.2097421
May Kuhli Health Center #21,Health Center,Tigray,Public/Government,14.234291,37.7498677
Gerhu Srnay Health Center #21,Health Center,Tigray,Public/Government,14.512671,39.1909197
Jidane Health Post #21,Health Post,Somali,Public/Government,9.6669514,41.8355267
Qaydar Health Post #21,Health Post,Somali,Public/Government,9.1273392,43.2470045
Legge Oda Mirga Health Post #22,Health Post,Dire Dawa,Public/Government,9.510806700000002,41.8674739
Mudi Aneno Health Post #22,Health Post,Dire Dawa,Public/Government,9.6595039,41.9259291
Abubeker Muti Health Post #22,Health Post,Harari,Public/Government,9.363547400000002,42.1311001
Kirkire Health Post #22,Health Post,Dire Dawa,Public/Government,9.5387812,41.7619778
Awoberkele Comprehensive Health Post #22,Health Post,Harari,Public/Government,9.3349552,42.1257323
Efoyita Health Center #22,Health Center,Addis Ababa,Public/Government,9.0150021,38.7921171
Addis Ketema Health Center #22,Health Center,Dire Dawa,Public/Government,9.6024558,41.8871215
Bokoji Primary Hospital #22,Hospital,Oromia,Public/Government,7.565733,39.275232
Dembi Dollo Compernsive Specialized Hospital #22,Hospital,Oromia,Public/Government,8.542316000000003,34.828909
Inemay Gemer Health Post #22,Health Post,Oromia,Public/Government,9.473818,35.665081
Danecho Health Post #22,Health Post,SNNP,Public/Government,7.995708599999999,38.2836212
Sibu Ebicha Health Post #22,Health Post,Oromia,Public/Government,9.266834,35.633077
Ynesa Lmrt Health Post #22,Health Post,Amhara,Public/Government,11.4272549,37.1742624
Tach Arisho Health Post #22,Health Post,SNNP,Public/Government,7.3075489,38.0163114
Hurumu Jibat Health Post #22,Health Post,Oromia,Public/Government,8.635993000000001,37.452467
Geshe Health Post #22,Health Post,Oromia,Public/Government,8.128395600000001,36.5020386
Wachu Woltane Health Post #22,Health Post,Oromia,Public/Government,9.154578,40.970046
Elemo Health Center #22,Health Center,Oromia,Public/Government,8.4863168,35.8370455
Hidi Health Center #22,Health Center,Oromia,Public/Government,8.8118668,39.1032939
Balle Dorani Health Center #22,Health Center,Oromia,Public/Government,7.1070057,40.5357225
Feresbet Primery Hospital #22,Hospital,Amhara,Public/Government,10.8774161,37.6250263
Megele 29 Health Post #22,Health Post,Benishangul Gumz,Public/Government,10.0622623,34.5683978
Sorya  Health Post #22,Health Post,Tigray,Public/Government,12.403567,39.315735
Sugelitinen Health Post #22,Health Post,Benishangul Gumz,Public/Government,10.7378954,34.7895473
Hintsa Health Post #22,Health Post,Tigray,Public/Government,13.3345836,39.1952353
Dishi Geter Health Post #22,Health Post,South West Ethiopia,Public/Government,6.9803845,36.2107421
May Kuhli Health Center #22,Health Center,Tigray,Public/Government,14.235291,37.7508677
Gerhu Srnay Health Center #22,Health Center,Tigray,Public/Government,14.513671,39.1919197
Jidane Health Post #22,Health Post,Somali,Public/Government,9.667951400000002,41.8365267
Qaydar Health Post #22,Health Post,Somali,Public/Government,9.1283392,43.2480045
Legge Oda Mirga Health Post #23,Health Post,Dire Dawa,Public/Government,9.5118067,41.8684739
Mudi Aneno Health Post #23,Health Post,Dire Dawa,Public/Government,9.6605039,41.9269291
Abubeker Muti Health Post #23,Health Post,Harari,Public/Government,9.3645474,42.1321001
Kirkire Health Post #23,Health Post,Dire Dawa,Public/Government,9.5397812,41.7629778
Awoberkele Comprehensive Health Post #23,Health Post,Harari,Public/Government,9.3359552,42.1267323
Efoyita Health Center #23,Health Center,Addis Ababa,Public/Government,9.0160021,38.7931171
Addis Ketema Health Center #23,Health Center,Dire Dawa,Public/Government,9.6034558,41.8881215
Bokoji Primary Hospital #23,Hospital,Oromia,Public/Government,7.566733,39.276232
Dembi Dollo Compernsive Specialized Hospital #23,Hospital,Oromia,Public/Government,8.543316000000003,34.829909
Inemay Gemer Health Post #23,Health Post,Oromia,Public/Government,9.474818,35.666081
Danecho Health Post #23,Health Post,SNNP,Public/Government,7.9967086,38.2846212
Sibu Ebicha Health Post #23,Health Post,Oromia,Public/Government,9.267834,35.634077
Ynesa Lmrt Health Post #23,Health Post,Amhara,Public/Government,11.4282549,37.1752624
Tach Arisho Health Post #23,Health Post,SNNP,Public/Government,7.3085489,38.0173114
Hurumu Jibat Health Post #23,Health Post,Oromia,Public/Government,8.636993,37.453467
Geshe Health Post #23,Health Post,Oromia,Public/Government,8.1293956,36.5030386
Wachu Woltane Health Post #23,Health Post,Oromia,Public/Government,9.155578,40.971046
Elemo Health Center #23,Health Center,Oromia,Public/Government,8.4873168,35.8380455
Hidi Health Center #23,Health Center,Oromia,Public/Government,8.8128668,39.1042939
Balle Dorani Health Center #23,Health Center,Oromia,Public/Government,7.1080057000000005,40.5367225
Feresbet Primery Hospital #23,Hospital,Amhara,Public/Government,10.8784161,37.6260263
Megele 29 Health Post #23,Health Post,Benishangul Gumz,Public/Government,10.0632623,34.5693978
Sorya  Health Post #23,Health Post,Tigray,Public/Government,12.404567,39.316735
Sugelitinen Health Post #23,Health Post,Benishangul Gumz,Public/Government,10.7388954,34.7905473
Hintsa Health Post #23,Health Post,Tigray,Public/Government,13.3355836,39.1962353
Dishi Geter Health Post #23,Health Post,South West Ethiopia,Public/Government,6.9813845,36.2117421
May Kuhli Health Center #23,Health Center,Tigray,Public/Government,14.236291,37.7518677
Gerhu Srnay Health Center #23,Health Center,Tigray,Public/Government,14.514671,39.1929197
Jidane Health Post #23,Health Post,Somali,Public/Government,9.6689514,41.8375267
Qaydar Health Post #23,Health Post,Somali,Public/Government,9.1293392,43.2490045
Legge Oda Mirga Health Post #24,Health Post,Dire Dawa,Public/Government,9.5128067,41.8694739
Mudi Aneno Health Post #24,Health Post,Dire Dawa,Public/Government,9.6615039,41.9279291
Abubeker Muti Health Post #24,Health Post,Harari,Public/Government,9.3655474,42.1331001
Kirkire Health Post #24,Health Post,Dire Dawa,Public/Government,9.5407812,41.763977800000006
Awoberkele Comprehensive Health Post #24,Health Post,Harari,Public/Government,9.3369552,42.127732300000005
Efoyita Health Center #24,Health Center,Addis Ababa,Public/Government,9.0170021,38.7941171
Addis Ketema Health Center #24,Health Center,Dire Dawa,Public/Government,9.6044558,41.8891215
Bokoji Primary Hospital #24,Hospital,Oromia,Public/Government,7.567733,39.277232000000005
Dembi Dollo Compernsive Specialized Hospital #24,Hospital,Oromia,Public/Government,8.544316000000002,34.830909000000005
Inemay Gemer Health Post #24,Health Post,Oromia,Public/Government,9.475818,35.667081
Danecho Health Post #24,Health Post,SNNP,Public/Government,7.997708599999999,38.2856212
Sibu Ebicha Health Post #24,Health Post,Oromia,Public/Government,9.268834,35.635077
Ynesa Lmrt Health Post #24,Health Post,Amhara,Public/Government,11.4292549,37.176262400000006
Tach Arisho Health Post #24,Health Post,SNNP,Public/Government,7.309548899999999,38.0183114
Hurumu Jibat Health Post #24,Health Post,Oromia,Public/Government,8.637993,37.454467
Geshe Health Post #24,Health Post,Oromia,Public/Government,8.1303956,36.5040386
Wachu Woltane Health Post #24,Health Post,Oromia,Public/Government,9.156578,40.972046000000006
Elemo Health Center #24,Health Center,Oromia,Public/Government,8.4883168,35.839045500000005
Hidi Health Center #24,Health Center,Oromia,Public/Government,8.8138668,39.10529390000001
Balle Dorani Health Center #24,Health Center,Oromia,Public/Government,7.1090057,40.5377225
Feresbet Primery Hospital #24,Hospital,Amhara,Public/Government,10.8794161,37.6270263
Megele 29 Health Post #24,Health Post,Benishangul Gumz,Public/Government,10.0642623,34.5703978
Sorya  Health Post #24,Health Post,Tigray,Public/Government,12.405567,39.317735000000006
Sugelitinen Health Post #24,Health Post,Benishangul Gumz,Public/Government,10.7398954,34.791547300000005
Hintsa Health Post #24,Health Post,Tigray,Public/Government,13.3365836,39.1972353
Dishi Geter Health Post #24,Health Post,South West Ethiopia,Public/Government,6.982384499999999,36.2127421
May Kuhli Health Center #24,Health Center,Tigray,Public/Government,14.237291,37.7528677
Gerhu Srnay Health Center #24,Health Center,Tigray,Public/Government,14.515671,39.1939197
Jidane Health Post #24,Health Post,Somali,Public/Government,9.6699514,41.8385267
Qaydar Health Post #24,Health Post,Somali,Public/Government,9.1303392,43.2500045
Legge Oda Mirga Health Post #25,Health Post,Dire Dawa,Public/Government,9.5138067,41.8704739
Mudi Aneno Health Post #25,Health Post,Dire Dawa,Public/Government,9.6625039,41.9289291
Abubeker Muti Health Post #25,Health Post,Harari,Public/Government,9.3665474,42.1341001
Kirkire Health Post #25,Health Post,Dire Dawa,Public/Government,9.5417812,41.7649778
Awoberkele Comprehensive Health Post #25,Health Post,Harari,Public/Government,9.3379552,42.1287323
Efoyita Health Center #25,Health Center,Addis Ababa,Public/Government,9.0180021,38.7951171
Addis Ketema Health Center #25,Health Center,Dire Dawa,Public/Government,9.6054558,41.8901215
Bokoji Primary Hospital #25,Hospital,Oromia,Public/Government,7.568733,39.278232
Dembi Dollo Compernsive Specialized Hospital #25,Hospital,Oromia,Public/Government,8.545316000000001,34.831909
Inemay Gemer Health Post #25,Health Post,Oromia,Public/Government,9.476818,35.668081
Danecho Health Post #25,Health Post,SNNP,Public/Government,7.9987086,38.2866212
Sibu Ebicha Health Post #25,Health Post,Oromia,Public/Government,9.269834,35.636077
Ynesa Lmrt Health Post #25,Health Post,Amhara,Public/Government,11.4302549,37.1772624
Tach Arisho Health Post #25,Health Post,SNNP,Public/Government,7.3105489,38.0193114
Hurumu Jibat Health Post #25,Health Post,Oromia,Public/Government,8.638993,37.455467
Geshe Health Post #25,Health Post,Oromia,Public/Government,8.1313956,36.5050386
Wachu Woltane Health Post #25,Health Post,Oromia,Public/Government,9.157578,40.973046
Elemo Health Center #25,Health Center,Oromia,Public/Government,8.4893168,35.8400455
Hidi Health Center #25,Health Center,Oromia,Public/Government,8.814866799999999,39.1062939
Balle Dorani Health Center #25,Health Center,Oromia,Public/Government,7.1100057,40.5387225
Feresbet Primery Hospital #25,Hospital,Amhara,Public/Government,10.8804161,37.6280263
Megele 29 Health Post #25,Health Post,Benishangul Gumz,Public/Government,10.0652623,34.5713978
Sorya  Health Post #25,Health Post,Tigray,Public/Government,12.406567,39.318735
Sugelitinen Health Post #25,Health Post,Benishangul Gumz,Public/Government,10.7408954,34.7925473
Hintsa Health Post #25,Health Post,Tigray,Public/Government,13.3375836,39.1982353
Dishi Geter Health Post #25,Health Post,South West Ethiopia,Public/Government,6.9833845,36.2137421
May Kuhli Health Center #25,Health Center,Tigray,Public/Government,14.238290999999998,37.7538677
Gerhu Srnay Health Center #25,Health Center,Tigray,Public/Government,14.516671,39.1949197
Jidane Health Post #25,Health Post,Somali,Public/Government,9.6709514,41.8395267
Qaydar Health Post #25,Health Post,Somali,Public/Government,9.1313392,43.2510045
Legge Oda Mirga Health Post #26,Health Post,Dire Dawa,Public/Government,9.5148067,41.8714739
Mudi Aneno Health Post #26,Health Post,Dire Dawa,Public/Government,9.6635039,41.9299291
Abubeker Muti Health Post #26,Health Post,Harari,Public/Government,9.3675474,42.1351001
Kirkire Health Post #26,Health Post,Dire Dawa,Public/Government,9.5427812,41.7659778
Awoberkele Comprehensive Health Post #26,Health Post,Harari,Public/Government,9.3389552,42.1297323
Efoyita Health Center #26,Health Center,Addis Ababa,Public/Government,9.0190021,38.7961171
Addis Ketema Health Center #26,Health Center,Dire Dawa,Public/Government,9.6064558,41.8911215
Bokoji Primary Hospital #26,Hospital,Oromia,Public/Government,7.569733,39.279232
Dembi Dollo Compernsive Specialized Hospital #26,Hospital,Oromia,Public/Government,8.546316000000003,34.832909
Inemay Gemer Health Post #26,Health Post,Oromia,Public/Government,9.477818,35.669081
Danecho Health Post #26,Health Post,SNNP,Public/Government,7.9997086,38.2876212
Sibu Ebicha Health Post #26,Health Post,Oromia,Public/Government,9.270834,35.637077
Ynesa Lmrt Health Post #26,Health Post,Amhara,Public/Government,11.4312549,37.1782624
Tach Arisho Health Post #26,Health Post,SNNP,Public/Government,7.3115489,38.0203114
Hurumu Jibat Health Post #26,Health Post,Oromia,Public/Government,8.639993,37.456467
Geshe Health Post #26,Health Post,Oromia,Public/Government,8.1323956,36.5060386
Wachu Woltane Health Post #26,Health Post,Oromia,Public/Government,9.158578,40.974046
Elemo Health Center #26,Health Center,Oromia,Public/Government,8.4903168,35.8410455
Hidi Health Center #26,Health Center,Oromia,Public/Government,8.8158668,39.1072939
Balle Dorani Health Center #26,Health Center,Oromia,Public/Government,7.111005700000001,40.5397225
Feresbet Primery Hospital #26,Hospital,Amhara,Public/Government,10.8814161,37.6290263
Megele 29 Health Post #26,Health Post,Benishangul Gumz,Public/Government,10.0662623,34.5723978
Sorya  Health Post #26,Health Post,Tigray,Public/Government,12.407567,39.319735
Sugelitinen Health Post #26,Health Post,Benishangul Gumz,Public/Government,10.7418954,34.7935473
Hintsa Health Post #26,Health Post,Tigray,Public/Government,13.3385836,39.1992353
Dishi Geter Health Post #26,Health Post,South West Ethiopia,Public/Government,6.9843845,36.2147421
May Kuhli Health Center #26,Health Center,Tigray,Public/Government,14.239291,37.7548677
Gerhu Srnay Health Center #26,Health Center,Tigray,Public/Government,14.517671,39.1959197
Jidane Health Post #26,Health Post,Somali,Public/Government,9.6719514,41.8405267
Qaydar Health Post #26,Health Post,Somali,Public/Government,9.1323392,43.2520045
Legge Oda Mirga Health Post #27,Health Post,Dire Dawa,Public/Government,9.5158067,41.8724739
Mudi Aneno Health Post #27,Health Post,Dire Dawa,Public/Government,9.6645039,41.9309291
Abubeker Muti Health Post #27,Health Post,Harari,Public/Government,9.3685474,42.1361001
Kirkire Health Post #27,Health Post,Dire Dawa,Public/Government,9.5437812,41.76697780000001
Awoberkele Comprehensive Health Post #27,Health Post,Harari,Public/Government,9.3399552,42.130732300000005
Efoyita Health Center #27,Health Center,Addis Ababa,Public/Government,9.0200021,38.7971171
Addis Ketema Health Center #27,Health Center,Dire Dawa,Public/Government,9.6074558,41.8921215
Bokoji Primary Hospital #27,Hospital,Oromia,Public/Government,7.570733,39.280232000000005
Dembi Dollo Compernsive Specialized Hospital #27,Hospital,Oromia,Public/Government,8.547316000000002,34.833909000000006
Inemay Gemer Health Post #27,Health Post,Oromia,Public/Government,9.478818,35.670081
Danecho Health Post #27,Health Post,SNNP,Public/Government,8.0007086,38.2886212
Sibu Ebicha Health Post #27,Health Post,Oromia,Public/Government,9.271834,35.638077
Ynesa Lmrt Health Post #27,Health Post,Amhara,Public/Government,11.4322549,37.179262400000006
Tach Arisho Health Post #27,Health Post,SNNP,Public/Government,7.312548899999999,38.0213114
Hurumu Jibat Health Post #27,Health Post,Oromia,Public/Government,8.640993,37.457467
Geshe Health Post #27,Health Post,Oromia,Public/Government,8.1333956,36.5070386
Wachu Woltane Health Post #27,Health Post,Oromia,Public/Government,9.159578,40.975046000000006
Elemo Health Center #27,Health Center,Oromia,Public/Government,8.4913168,35.842045500000005
Hidi Health Center #27,Health Center,Oromia,Public/Government,8.8168668,39.10829390000001
Balle Dorani Health Center #27,Health Center,Oromia,Public/Government,7.1120057,40.5407225
Feresbet Primery Hospital #27,Hospital,Amhara,Public/Government,10.8824161,37.6300263
Megele 29 Health Post #27,Health Post,Benishangul Gumz,Public/Government,10.0672623,34.5733978
Sorya  Health Post #27,Health Post,Tigray,Public/Government,12.408567,39.320735000000006
Sugelitinen Health Post #27,Health Post,Benishangul Gumz,Public/Government,10.7428954,34.794547300000005
Hintsa Health Post #27,Health Post,Tigray,Public/Government,13.3395836,39.2002353
Dishi Geter Health Post #27,Health Post,South West Ethiopia,Public/Government,6.985384499999999,36.2157421
May Kuhli Health Center #27,Health Center,Tigray,Public/Government,14.240291,37.7558677
Gerhu Srnay Health Center #27,Health Center,Tigray,Public/Government,14.518671,39.1969197
Jidane Health Post #27,Health Post,Somali,Public/Government,9.6729514,41.8415267
Qaydar Health Post #27,Health Post,Somali,Public/Government,9.1333392,43.2530045
Legge Oda Mirga Health Post #28,Health Post,Dire Dawa,Public/Government,9.5168067,41.8734739
Mudi Aneno Health Post #28,Health Post,Dire Dawa,Public/Government,9.6655039,41.9319291
Abubeker Muti Health Post #28,Health Post,Harari,Public/Government,9.3695474,42.1371001
Kirkire Health Post #28,Health Post,Dire Dawa,Public/Government,9.5447812,41.7679778
Awoberkele Comprehensive Health Post #28,Health Post,Harari,Public/Government,9.3409552,42.1317323
Efoyita Health Center #28,Health Center,Addis Ababa,Public/Government,9.0210021,38.7981171
Addis Ketema Health Center #28,Health Center,Dire Dawa,Public/Government,9.6084558,41.8931215
Bokoji Primary Hospital #28,Hospital,Oromia,Public/Government,7.571733,39.281232
Dembi Dollo Compernsive Specialized Hospital #28,Hospital,Oromia,Public/Government,8.548316000000002,34.834909
Inemay Gemer Health Post #28,Health Post,Oromia,Public/Government,9.479818,35.671081
Danecho Health Post #28,Health Post,SNNP,Public/Government,8.001708599999999,38.2896212
Sibu Ebicha Health Post #28,Health Post,Oromia,Public/Government,9.272834,35.639077
Ynesa Lmrt Health Post #28,Health Post,Amhara,Public/Government,11.4332549,37.1802624
Tach Arisho Health Post #28,Health Post,SNNP,Public/Government,7.3135489,38.0223114
Hurumu Jibat Health Post #28,Health Post,Oromia,Public/Government,8.641993,37.458467
Geshe Health Post #28,Health Post,Oromia,Public/Government,8.1343956,36.5080386
Wachu Woltane Health Post #28,Health Post,Oromia,Public/Government,9.160578,40.976046
Elemo Health Center #28,Health Center,Oromia,Public/Government,8.4923168,35.8430455
Hidi Health Center #28,Health Center,Oromia,Public/Government,8.8178668,39.1092939
Balle Dorani Health Center #28,Health Center,Oromia,Public/Government,7.1130057,40.5417225
Feresbet Primery Hospital #28,Hospital,Amhara,Public/Government,10.8834161,37.6310263
Megele 29 Health Post #28,Health Post,Benishangul Gumz,Public/Government,10.0682623,34.5743978
Sorya  Health Post #28,Health Post,Tigray,Public/Government,12.409567,39.321735
Sugelitinen Health Post #28,Health Post,Benishangul Gumz,Public/Government,10.7438954,34.7955473
Hintsa Health Post #28,Health Post,Tigray,Public/Government,13.3405836,39.2012353
Dishi Geter Health Post #28,Health Post,South West Ethiopia,Public/Government,6.9863845,36.2167421
May Kuhli Health Center #28,Health Center,Tigray,Public/Government,14.241291,37.7568677
Gerhu Srnay Health Center #28,Health Center,Tigray,Public/Government,14.519671,39.1979197
Jidane Health Post #28,Health Post,Somali,Public/Government,9.6739514,41.8425267
Qaydar Health Post #28,Health Post,Somali,Public/Government,9.1343392,43.2540045
Legge Oda Mirga Health Post #29,Health Post,Dire Dawa,Public/Government,9.5178067,41.8744739
Mudi Aneno Health Post #29,Health Post,Dire Dawa,Public/Government,9.6665039,41.9329291
Abubeker Muti Health Post #29,Health Post,Harari,Public/Government,9.3705474,42.1381001
Kirkire Health Post #29,Health Post,Dire Dawa,Public/Government,9.5457812,41.7689778
Awoberkele Comprehensive Health Post #29,Health Post,Harari,Public/Government,9.3419552,42.1327323
Efoyita Health Center #29,Health Center,Addis Ababa,Public/Government,9.0220021,38.7991171
Addis Ketema Health Center #29,Health Center,Dire Dawa,Public/Government,9.6094558,41.8941215
Bokoji Primary Hospital #29,Hospital,Oromia,Public/Government,7.572732999999999,39.282232
Dembi Dollo Compernsive Specialized Hospital #29,Hospital,Oromia,Public/Government,8.549316000000003,34.835909
Inemay Gemer Health Post #29,Health Post,Oromia,Public/Government,9.480818,35.672081
Danecho Health Post #29,Health Post,SNNP,Public/Government,8.0027086,38.2906212
Sibu Ebicha Health Post #29,Health Post,Oromia,Public/Government,9.273834,35.640077
Ynesa Lmrt Health Post #29,Health Post,Amhara,Public/Government,11.4342549,37.1812624
Tach Arisho Health Post #29,Health Post,SNNP,Public/Government,7.314548899999999,38.0233114
Hurumu Jibat Health Post #29,Health Post,Oromia,Public/Government,8.642993,37.459467
Geshe Health Post #29,Health Post,Oromia,Public/Government,8.1353956,36.5090386
Wachu Woltane Health Post #29,Health Post,Oromia,Public/Government,9.161578,40.977046
Elemo Health Center #29,Health Center,Oromia,Public/Government,8.4933168,35.8440455
Hidi Health Center #29,Health Center,Oromia,Public/Government,8.8188668,39.1102939
Balle Dorani Health Center #29,Health Center,Oromia,Public/Government,7.1140057,40.5427225
Feresbet Primery Hospital #29,Hospital,Amhara,Public/Government,10.8844161,37.6320263
Megele 29 Health Post #29,Health Post,Benishangul Gumz,Public/Government,10.0692623,34.5753978
Sorya  Health Post #29,Health Post,Tigray,Public/Government,12.410567,39.322735
Sugelitinen Health Post #29,Health Post,Benishangul Gumz,Public/Government,10.7448954,34.7965473
Hintsa Health Post #29,Health Post,Tigray,Public/Government,13.3415836,39.2022353
Dishi Geter Health Post #29,Health Post,South West Ethiopia,Public/Government,6.987384499999999,36.2177421
May Kuhli Health Center #29,Health Center,Tigray,Public/Government,14.242291,37.7578677
Gerhu Srnay Health Center #29,Health Center,Tigray,Public/Government,14.520671,39.1989197
Jidane Health Post #29,Health Post,Somali,Public/Government,9.6749514,41.8435267
Qaydar Health Post #29,Health Post,Somali,Public/Government,9.1353392,43.2550045
Legge Oda Mirga Health Post #30,Health Post,Dire Dawa,Public/Government,9.5188067,41.8754739
Mudi Aneno Health Post #30,Health Post,Dire Dawa,Public/Government,9.6675039,41.9339291
Abubeker Muti Health Post #30,Health Post,Harari,Public/Government,9.3715474,42.1391001
Kirkire Health Post #30,Health Post,Dire Dawa,Public/Government,9.5467812,41.76997780000001
Awoberkele Comprehensive Health Post #30,Health Post,Harari,Public/Government,9.3429552,42.133732300000005
Efoyita Health Center #30,Health Center,Addis Ababa,Public/Government,9.0230021,38.8001171
Addis Ketema Health Center #30,Health Center,Dire Dawa,Public/Government,9.6104558,41.8951215
Bokoji Primary Hospital #30,Hospital,Oromia,Public/Government,7.573733,39.283232000000005
Dembi Dollo Compernsive Specialized Hospital #30,Hospital,Oromia,Public/Government,8.550316000000002,34.836909000000006
Inemay Gemer Health Post #30,Health Post,Oromia,Public/Government,9.481818,35.673081
Danecho Health Post #30,Health Post,SNNP,Public/Government,8.0037086,38.2916212
Sibu Ebicha Health Post #30,Health Post,Oromia,Public/Government,9.274834,35.641077
Ynesa Lmrt Health Post #30,Health Post,Amhara,Public/Government,11.4352549,37.182262400000006
Tach Arisho Health Post #30,Health Post,SNNP,Public/Government,7.3155489,38.0243114
Hurumu Jibat Health Post #30,Health Post,Oromia,Public/Government,8.643993,37.460467
Geshe Health Post #30,Health Post,Oromia,Public/Government,8.1363956,36.5100386
Wachu Woltane Health Post #30,Health Post,Oromia,Public/Government,9.162578,40.978046000000006
Elemo Health Center #30,Health Center,Oromia,Public/Government,8.4943168,35.845045500000005
Hidi Health Center #30,Health Center,Oromia,Public/Government,8.8198668,39.11129390000001
Balle Dorani Health Center #30,Health Center,Oromia,Public/Government,7.1150057,40.5437225
Feresbet Primery Hospital #30,Hospital,Amhara,Public/Government,10.8854161,37.6330263
Megele 29 Health Post #30,Health Post,Benishangul Gumz,Public/Government,10.0702623,34.5763978
Sorya  Health Post #30,Health Post,Tigray,Public/Government,12.411567,39.323735000000006
Sugelitinen Health Post #30,Health Post,Benishangul Gumz,Public/Government,10.7458954,34.797547300000005
Hintsa Health Post #30,Health Post,Tigray,Public/Government,13.3425836,39.2032353
Dishi Geter Health Post #30,Health Post,South West Ethiopia,Public/Government,6.9883845,36.2187421
May Kuhli Health Center #30,Health Center,Tigray,Public/Government,14.243291,37.7588677
Gerhu Srnay Health Center #30,Health Center,Tigray,Public/Government,14.521671,39.1999197
Jidane Health Post #30,Health Post,Somali,Public/Government,9.6759514,41.8445267
Qaydar Health Post #30,Health Post,Somali,Public/Government,9.1363392,43.2560045
Legge Oda Mirga Health Post #31,Health Post,Dire Dawa,Public/Government,9.5198067,41.8764739
Mudi Aneno Health Post #31,Health Post,Dire Dawa,Public/Government,9.6685039,41.9349291
Abubeker Muti Health Post #31,Health Post,Harari,Public/Government,9.3725474,42.1401001
Kirkire Health Post #31,Health Post,Dire Dawa,Public/Government,9.5477812,41.7709778
Awoberkele Comprehensive Health Post #31,Health Post,Harari,Public/Government,9.3439552,42.1347323
Efoyita Health Center #31,Health Center,Addis Ababa,Public/Government,9.0240021,38.8011171
Addis Ketema Health Center #31,Health Center,Dire Dawa,Public/Government,9.6114558,41.8961215
Bokoji Primary Hospital #31,Hospital,Oromia,Public/Government,7.574733,39.284232
Dembi Dollo Compernsive Specialized Hospital #31,Hospital,Oromia,Public/Government,8.551316000000002,34.837909
Inemay Gemer Health Post #31,Health Post,Oromia,Public/Government,9.482818,35.674081
Danecho Health Post #31,Health Post,SNNP,Public/Government,8.004708599999999,38.2926212
Sibu Ebicha Health Post #31,Health Post,Oromia,Public/Government,9.275834,35.642077
Ynesa Lmrt Health Post #31,Health Post,Amhara,Public/Government,11.4362549,37.1832624
Tach Arisho Health Post #31,Health Post,SNNP,Public/Government,7.3165489,38.0253114
Hurumu Jibat Health Post #31,Health Post,Oromia,Public/Government,8.644993,37.461467
Geshe Health Post #31,Health Post,Oromia,Public/Government,8.1373956,36.5110386
Wachu Woltane Health Post #31,Health Post,Oromia,Public/Government,9.163578,40.979046
Elemo Health Center #31,Health Center,Oromia,Public/Government,8.4953168,35.8460455
Hidi Health Center #31,Health Center,Oromia,Public/Government,8.8208668,39.1122939
Balle Dorani Health Center #31,Health Center,Oromia,Public/Government,7.1160057000000005,40.5447225
Feresbet Primery Hospital #31,Hospital,Amhara,Public/Government,10.8864161,37.6340263
Megele 29 Health Post #31,Health Post,Benishangul Gumz,Public/Government,10.0712623,34.5773978
Sorya  Health Post #31,Health Post,Tigray,Public/Government,12.412567,39.324735
Sugelitinen Health Post #31,Health Post,Benishangul Gumz,Public/Government,10.7468954,34.7985473
Hintsa Health Post #31,Health Post,Tigray,Public/Government,13.3435836,39.2042353
Dishi Geter Health Post #31,Health Post,South West Ethiopia,Public/Government,6.9893845,36.2197421
May Kuhli Health Center #31,Health Center,Tigray,Public/Government,14.244291,37.7598677
Gerhu Srnay Health Center #31,Health Center,Tigray,Public/Government,14.522671,39.2009197
Jidane Health Post #31,Health Post,Somali,Public/Government,9.6769514,41.8455267
Qaydar Health Post #31,Health Post,Somali,Public/Government,9.1373392,43.2570045
Legge Oda Mirga Health Post #32,Health Post,Dire Dawa,Public/Government,9.5208067,41.8774739
Mudi Aneno Health Post #32,Health Post,Dire Dawa,Public/Government,9.6695039,41.9359291
Abubeker Muti Health Post #32,Health Post,Harari,Public/Government,9.3735474,42.1411001
Kirkire Health Post #32,Health Post,Dire Dawa,Public/Government,9.5487812,41.7719778
Awoberkele Comprehensive Health Post #32,Health Post,Harari,Public/Government,9.3449552,42.1357323
Efoyita Health Center #32,Health Center,Addis Ababa,Public/Government,9.0250021,38.8021171
Addis Ketema Health Center #32,Health Center,Dire Dawa,Public/Government,9.6124558,41.8971215
Bokoji Primary Hospital #32,Hospital,Oromia,Public/Government,7.575733,39.285232
Dembi Dollo Compernsive Specialized Hospital #32,Hospital,Oromia,Public/Government,8.552316000000003,34.838909
Inemay Gemer Health Post #32,Health Post,Oromia,Public/Government,9.483818,35.675081
Danecho Health Post #32,Health Post,SNNP,Public/Government,8.0057086,38.2936212
Sibu Ebicha Health Post #32,Health Post,Oromia,Public/Government,9.276834,35.643077
Ynesa Lmrt Health Post #32,Health Post,Amhara,Public/Government,11.4372549,37.1842624
Tach Arisho Health Post #32,Health Post,SNNP,Public/Government,7.317548899999999,38.0263114
Hurumu Jibat Health Post #32,Health Post,Oromia,Public/Government,8.645993,37.462467
Geshe Health Post #32,Health Post,Oromia,Public/Government,8.1383956,36.5120386
Wachu Woltane Health Post #32,Health Post,Oromia,Public/Government,9.164578,40.980046
Elemo Health Center #32,Health Center,Oromia,Public/Government,8.4963168,35.8470455
Hidi Health Center #32,Health Center,Oromia,Public/Government,8.8218668,39.1132939
Balle Dorani Health Center #32,Health Center,Oromia,Public/Government,7.1170057,40.5457225
Feresbet Primery Hospital #32,Hospital,Amhara,Public/Government,10.8874161,37.6350263
Megele 29 Health Post #32,Health Post,Benishangul Gumz,Public/Government,10.0722623,34.5783978
Sorya  Health Post #32,Health Post,Tigray,Public/Government,12.413567,39.325735
Sugelitinen Health Post #32,Health Post,Benishangul Gumz,Public/Government,10.7478954,34.7995473
Hintsa Health Post #32,Health Post,Tigray,Public/Government,13.3445836,39.2052353
Dishi Geter Health Post #32,Health Post,South West Ethiopia,Public/Government,6.990384499999999,36.2207421
May Kuhli Health Center #32,Health Center,Tigray,Public/Government,14.245291,37.7608677
Gerhu Srnay Health Center #32,Health Center,Tigray,Public/Government,14.523671,39.2019197
Jidane Health Post #32,Health Post,Somali,Public/Government,9.6779514,41.8465267
Qaydar Health Post #32,Health Post,Somali,Public/Government,9.1383392,43.2580045
Legge Oda Mirga Health Post #33,Health Post,Dire Dawa,Public/Government,9.5218067,41.8784739
Mudi Aneno Health Post #33,Health Post,Dire Dawa,Public/Government,9.6705039,41.93692909999999
Abubeker Muti Health Post #33,Health Post,Harari,Public/Government,9.3745474,42.14210009999999
Kirkire Health Post #33,Health Post,Dire Dawa,Public/Government,9.5497812,41.7729778
Awoberkele Comprehensive Health Post #33,Health Post,Harari,Public/Government,9.3459552,42.1367323
Efoyita Health Center #33,Health Center,Addis Ababa,Public/Government,9.0260021,38.8031171
Addis Ketema Health Center #33,Health Center,Dire Dawa,Public/Government,9.6134558,41.8981215
Bokoji Primary Hospital #33,Hospital,Oromia,Public/Government,7.576733,39.286232
Dembi Dollo Compernsive Specialized Hospital #33,Hospital,Oromia,Public/Government,8.553316000000002,34.839909
Inemay Gemer Health Post #33,Health Post,Oromia,Public/Government,9.484818,35.676081
Danecho Health Post #33,Health Post,SNNP,Public/Government,8.0067086,38.2946212
Sibu Ebicha Health Post #33,Health Post,Oromia,Public/Government,9.277834,35.644077
Ynesa Lmrt Health Post #33,Health Post,Amhara,Public/Government,11.4382549,37.1852624
Tach Arisho Health Post #33,Health Post,SNNP,Public/Government,7.3185489,38.0273114
Hurumu Jibat Health Post #33,Health Post,Oromia,Public/Government,8.646993,37.463467
Geshe Health Post #33,Health Post,Oromia,Public/Government,8.1393956,36.5130386
Wachu Woltane Health Post #33,Health Post,Oromia,Public/Government,9.165578,40.981046
Elemo Health Center #33,Health Center,Oromia,Public/Government,8.4973168,35.8480455
Hidi Health Center #33,Health Center,Oromia,Public/Government,8.8228668,39.1142939
Balle Dorani Health Center #33,Health Center,Oromia,Public/Government,7.1180057,40.5467225
Feresbet Primery Hospital #33,Hospital,Amhara,Public/Government,10.8884161,37.6360263
Megele 29 Health Post #33,Health Post,Benishangul Gumz,Public/Government,10.0732623,34.579397799999995
Sorya  Health Post #33,Health Post,Tigray,Public/Government,12.414567,39.326735
Sugelitinen Health Post #33,Health Post,Benishangul Gumz,Public/Government,10.7488954,34.8005473
Hintsa Health Post #33,Health Post,Tigray,Public/Government,13.3455836,39.2062353
Dishi Geter Health Post #33,Health Post,South West Ethiopia,Public/Government,6.9913845,36.22174209999999
May Kuhli Health Center #33,Health Center,Tigray,Public/Government,14.246291,37.7618677
Gerhu Srnay Health Center #33,Health Center,Tigray,Public/Government,14.524671,39.2029197
Jidane Health Post #33,Health Post,Somali,Public/Government,9.6789514,41.8475267
Qaydar Health Post #33,Health Post,Somali,Public/Government,9.1393392,43.2590045
Legge Oda Mirga Health Post #34,Health Post,Dire Dawa,Public/Government,9.5228067,41.8794739
Mudi Aneno Health Post #34,Health Post,Dire Dawa,Public/Government,9.6715039,41.9379291
Abubeker Muti Health Post #34,Health Post,Harari,Public/Government,9.3755474,42.1431001
Kirkire Health Post #34,Health Post,Dire Dawa,Public/Government,9.5507812,41.7739778
Awoberkele Comprehensive Health Post #34,Health Post,Harari,Public/Government,9.3469552,42.1377323
Efoyita Health Center #34,Health Center,Addis Ababa,Public/Government,9.0270021,38.8041171
Addis Ketema Health Center #34,Health Center,Dire Dawa,Public/Government,9.6144558,41.8991215
Bokoji Primary Hospital #34,Hospital,Oromia,Public/Government,7.577733,39.287232
Dembi Dollo Compernsive Specialized Hospital #34,Hospital,Oromia,Public/Government,8.554316000000002,34.840909
Inemay Gemer Health Post #34,Health Post,Oromia,Public/Government,9.485818,35.677081
Danecho Health Post #34,Health Post,SNNP,Public/Government,8.007708599999999,38.2956212
Sibu Ebicha Health Post #34,Health Post,Oromia,Public/Government,9.278834,35.645077
Ynesa Lmrt Health Post #34,Health Post,Amhara,Public/Government,11.4392549,37.1862624
Tach Arisho Health Post #34,Health Post,SNNP,Public/Government,7.3195489,38.0283114
Hurumu Jibat Health Post #34,Health Post,Oromia,Public/Government,8.647993,37.464467
Geshe Health Post #34,Health Post,Oromia,Public/Government,8.1403956,36.5140386
Wachu Woltane Health Post #34,Health Post,Oromia,Public/Government,9.166578,40.982046
Elemo Health Center #34,Health Center,Oromia,Public/Government,8.4983168,35.8490455
Hidi Health Center #34,Health Center,Oromia,Public/Government,8.8238668,39.115293900000005
Balle Dorani Health Center #34,Health Center,Oromia,Public/Government,7.119005700000001,40.5477225
Feresbet Primery Hospital #34,Hospital,Amhara,Public/Government,10.8894161,37.6370263
Megele 29 Health Post #34,Health Post,Benishangul Gumz,Public/Government,10.0742623,34.5803978
Sorya  Health Post #34,Health Post,Tigray,Public/Government,12.415567,39.327735
Sugelitinen Health Post #34,Health Post,Benishangul Gumz,Public/Government,10.7498954,34.8015473
Hintsa Health Post #34,Health Post,Tigray,Public/Government,13.3465836,39.2072353
Dishi Geter Health Post #34,Health Post,South West Ethiopia,Public/Government,6.9923845,36.2227421
May Kuhli Health Center #34,Health Center,Tigray,Public/Government,14.247291,37.7628677
Gerhu Srnay Health Center #34,Health Center,Tigray,Public/Government,14.525671,39.2039197
Jidane Health Post #34,Health Post,Somali,Public/Government,9.6799514,41.8485267
Qaydar Health Post #34,Health Post,Somali,Public/Government,9.1403392,43.2600045
Legge Oda Mirga Health Post #35,Health Post,Dire Dawa,Public/Government,9.523806700000002,41.8804739
Mudi Aneno Health Post #35,Health Post,Dire Dawa,Public/Government,9.6725039,41.9389291
Abubeker Muti Health Post #35,Health Post,Harari,Public/Government,9.376547400000002,42.1441001
Kirkire Health Post #35,Health Post,Dire Dawa,Public/Government,9.5517812,41.7749778
Awoberkele Comprehensive Health Post #35,Health Post,Harari,Public/Government,9.3479552,42.1387323
Efoyita Health Center #35,Health Center,Addis Ababa,Public/Government,9.0280021,38.8051171
Addis Ketema Health Center #35,Health Center,Dire Dawa,Public/Government,9.6154558,41.9001215
Bokoji Primary Hospital #35,Hospital,Oromia,Public/Government,7.578733,39.288232
Dembi Dollo Compernsive Specialized Hospital #35,Hospital,Oromia,Public/Government,8.555316000000003,34.841909
Inemay Gemer Health Post #35,Health Post,Oromia,Public/Government,9.486818,35.678081
Danecho Health Post #35,Health Post,SNNP,Public/Government,8.0087086,38.2966212
Sibu Ebicha Health Post #35,Health Post,Oromia,Public/Government,9.279834,35.646077
Ynesa Lmrt Health Post #35,Health Post,Amhara,Public/Government,11.4402549,37.1872624
Tach Arisho Health Post #35,Health Post,SNNP,Public/Government,7.320548899999999,38.0293114
Hurumu Jibat Health Post #35,Health Post,Oromia,Public/Government,8.648993,37.465467
Geshe Health Post #35,Health Post,Oromia,Public/Government,8.141395600000001,36.5150386
Wachu Woltane Health Post #35,Health Post,Oromia,Public/Government,9.167578,40.983046
Elemo Health Center #35,Health Center,Oromia,Public/Government,8.4993168,35.8500455
Hidi Health Center #35,Health Center,Oromia,Public/Government,8.8248668,39.1162939
Balle Dorani Health Center #35,Health Center,Oromia,Public/Government,7.1200057,40.5487225
Feresbet Primery Hospital #35,Hospital,Amhara,Public/Government,10.8904161,37.6380263
Megele 29 Health Post #35,Health Post,Benishangul Gumz,Public/Government,10.0752623,34.5813978
Sorya  Health Post #35,Health Post,Tigray,Public/Government,12.416567,39.328735
Sugelitinen Health Post #35,Health Post,Benishangul Gumz,Public/Government,10.7508954,34.8025473
Hintsa Health Post #35,Health Post,Tigray,Public/Government,13.3475836,39.2082353
Dishi Geter Health Post #35,Health Post,South West Ethiopia,Public/Government,6.9933845,36.2237421
May Kuhli Health Center #35,Health Center,Tigray,Public/Government,14.248291,37.7638677
Gerhu Srnay Health Center #35,Health Center,Tigray,Public/Government,14.526671,39.2049197
Jidane Health Post #35,Health Post,Somali,Public/Government,9.6809514,41.8495267
Qaydar Health Post #35,Health Post,Somali,Public/Government,9.1413392,43.2610045
Legge Oda Mirga Health Post #36,Health Post,Dire Dawa,Public/Government,9.5248067,41.8814739
Mudi Aneno Health Post #36,Health Post,Dire Dawa,Public/Government,9.6735039,41.93992909999999
Abubeker Muti Health Post #36,Health Post,Harari,Public/Government,9.3775474,42.14510009999999
Kirkire Health Post #36,Health Post,Dire Dawa,Public/Government,9.5527812,41.7759778
Awoberkele Comprehensive Health Post #36,Health Post,Harari,Public/Government,9.3489552,42.1397323
Efoyita Health Center #36,Health Center,Addis Ababa,Public/Government,9.0290021,38.8061171
Addis Ketema Health Center #36,Health Center,Dire Dawa,Public/Government,9.6164558,41.9011215
Bokoji Primary Hospital #36,Hospital,Oromia,Public/Government,7.579733,39.289232
Dembi Dollo Compernsive Specialized Hospital #36,Hospital,Oromia,Public/Government,8.556316000000002,34.842909
Inemay Gemer Health Post #36,Health Post,Oromia,Public/Government,9.487818,35.679081
Danecho Health Post #36,Health Post,SNNP,Public/Government,8.0097086,38.2976212
Sibu Ebicha Health Post #36,Health Post,Oromia,Public/Government,9.280834,35.647077
Ynesa Lmrt Health Post #36,Health Post,Amhara,Public/Government,11.4412549,37.1882624
Tach Arisho Health Post #36,Health Post,SNNP,Public/Government,7.3215489,38.0303114
Hurumu Jibat Health Post #36,Health Post,Oromia,Public/Government,8.649993,37.466467
Geshe Health Post #36,Health Post,Oromia,Public/Government,8.1423956,36.5160386
Wachu Woltane Health Post #36,Health Post,Oromia,Public/Government,9.168578,40.984046
Elemo Health Center #36,Health Center,Oromia,Public/Government,8.5003168,35.8510455
Hidi Health Center #36,Health Center,Oromia,Public/Government,8.8258668,39.1172939
Balle Dorani Health Center #36,Health Center,Oromia,Public/Government,7.1210057,40.5497225
Feresbet Primery Hospital #36,Hospital,Amhara,Public/Government,10.8914161,37.6390263
Megele 29 Health Post #36,Health Post,Benishangul Gumz,Public/Government,10.0762623,34.582397799999995
Sorya  Health Post #36,Health Post,Tigray,Public/Government,12.417567,39.329735
Sugelitinen Health Post #36,Health Post,Benishangul Gumz,Public/Government,10.7518954,34.8035473
Hintsa Health Post #36,Health Post,Tigray,Public/Government,13.3485836,39.2092353
Dishi Geter Health Post #36,Health Post,South West Ethiopia,Public/Government,6.9943845,36.22474209999999
May Kuhli Health Center #36,Health Center,Tigray,Public/Government,14.249291,37.7648677
Gerhu Srnay Health Center #36,Health Center,Tigray,Public/Government,14.527671,39.2059197
Jidane Health Post #36,Health Post,Somali,Public/Government,9.6819514,41.8505267
Qaydar Health Post #36,Health Post,Somali,Public/Government,9.1423392,43.2620045
Legge Oda Mirga Health Post #37,Health Post,Dire Dawa,Public/Government,9.5258067,41.8824739
Mudi Aneno Health Post #37,Health Post,Dire Dawa,Public/Government,9.6745039,41.9409291
Abubeker Muti Health Post #37,Health Post,Harari,Public/Government,9.3785474,42.1461001
Kirkire Health Post #37,Health Post,Dire Dawa,Public/Government,9.5537812,41.7769778
Awoberkele Comprehensive Health Post #37,Health Post,Harari,Public/Government,9.3499552,42.1407323
Efoyita Health Center #37,Health Center,Addis Ababa,Public/Government,9.0300021,38.8071171
Addis Ketema Health Center #37,Health Center,Dire Dawa,Public/Government,9.6174558,41.9021215
Bokoji Primary Hospital #37,Hospital,Oromia,Public/Government,7.580732999999999,39.290232
Dembi Dollo Compernsive Specialized Hospital #37,Hospital,Oromia,Public/Government,8.557316000000002,34.843909000000004
Inemay Gemer Health Post #37,Health Post,Oromia,Public/Government,9.488818,35.680081
Danecho Health Post #37,Health Post,SNNP,Public/Government,8.0107086,38.2986212
Sibu Ebicha Health Post #37,Health Post,Oromia,Public/Government,9.281834,35.648077
Ynesa Lmrt Health Post #37,Health Post,Amhara,Public/Government,11.4422549,37.1892624
Tach Arisho Health Post #37,Health Post,SNNP,Public/Government,7.322548899999999,38.0313114
Hurumu Jibat Health Post #37,Health Post,Oromia,Public/Government,8.650993,37.467467
Geshe Health Post #37,Health Post,Oromia,Public/Government,8.1433956,36.5170386
Wachu Woltane Health Post #37,Health Post,Oromia,Public/Government,9.169578,40.985046
Elemo Health Center #37,Health Center,Oromia,Public/Government,8.5013168,35.8520455
Hidi Health Center #37,Health Center,Oromia,Public/Government,8.8268668,39.118293900000005
Balle Dorani Health Center #37,Health Center,Oromia,Public/Government,7.1220057,40.5507225
Feresbet Primery Hospital #37,Hospital,Amhara,Public/Government,10.8924161,37.6400263
Megele 29 Health Post #37,Health Post,Benishangul Gumz,Public/Government,10.0772623,34.5833978
Sorya  Health Post #37,Health Post,Tigray,Public/Government,12.418567,39.330735
Sugelitinen Health Post #37,Health Post,Benishangul Gumz,Public/Government,10.7528954,34.8045473
Hintsa Health Post #37,Health Post,Tigray,Public/Government,13.3495836,39.2102353
Dishi Geter Health Post #37,Health Post,South West Ethiopia,Public/Government,6.995384499999999,36.2257421
May Kuhli Health Center #37,Health Center,Tigray,Public/Government,14.250291,37.7658677
Gerhu Srnay Health Center #37,Health Center,Tigray,Public/Government,14.528671,39.2069197
Jidane Health Post #37,Health Post,Somali,Public/Government,9.6829514,41.8515267
Qaydar Health Post #37,Health Post,Somali,Public/Government,9.1433392,43.2630045
Legge Oda Mirga Health Post #38,Health Post,Dire Dawa,Public/Government,9.526806700000002,41.8834739
Mudi Aneno Health Post #38,Health Post,Dire Dawa,Public/Government,9.6755039,41.9419291
Abubeker Muti Health Post #38,Health Post,Harari,Public/Government,9.379547400000002,42.1471001
Kirkire Health Post #38,Health Post,Dire Dawa,Public/Government,9.5547812,41.7779778
Awoberkele Comprehensive Health Post #38,Health Post,Harari,Public/Government,9.3509552,42.1417323
Efoyita Health Center #38,Health Center,Addis Ababa,Public/Government,9.0310021,38.8081171
Addis Ketema Health Center #38,Health Center,Dire Dawa,Public/Government,9.6184558,41.9031215
Bokoji Primary Hospital #38,Hospital,Oromia,Public/Government,7.581733,39.291232
Dembi Dollo Compernsive Specialized Hospital #38,Hospital,Oromia,Public/Government,8.558316000000003,34.844909
Inemay Gemer Health Post #38,Health Post,Oromia,Public/Government,9.489818,35.681081
Danecho Health Post #38,Health Post,SNNP,Public/Government,8.0117086,38.2996212
Sibu Ebicha Health Post #38,Health Post,Oromia,Public/Government,9.282834,35.649077
Ynesa Lmrt Health Post #38,Health Post,Amhara,Public/Government,11.4432549,37.1902624
Tach Arisho Health Post #38,Health Post,SNNP,Public/Government,7.3235489,38.0323114
Hurumu Jibat Health Post #38,Health Post,Oromia,Public/Government,8.651993000000001,37.468467
Geshe Health Post #38,Health Post,Oromia,Public/Government,8.144395600000001,36.5180386
Wachu Woltane Health Post #38,Health Post,Oromia,Public/Government,9.170578,40.986046
Elemo Health Center #38,Health Center,Oromia,Public/Government,8.502316800000001,35.8530455
Hidi Health Center #38,Health Center,Oromia,Public/Government,8.8278668,39.1192939
Balle Dorani Health Center #38,Health Center,Oromia,Public/Government,7.1230057,40.5517225
Feresbet Primery Hospital #38,Hospital,Amhara,Public/Government,10.8934161,37.6410263
Megele 29 Health Post #38,Health Post,Benishangul Gumz,Public/Government,10.0782623,34.5843978
Sorya  Health Post #38,Health Post,Tigray,Public/Government,12.419567,39.331735
Sugelitinen Health Post #38,Health Post,Benishangul Gumz,Public/Government,10.7538954,34.8055473
Hintsa Health Post #38,Health Post,Tigray,Public/Government,13.3505836,39.2112353
Dishi Geter Health Post #38,Health Post,South West Ethiopia,Public/Government,6.9963845,36.2267421
May Kuhli Health Center #38,Health Center,Tigray,Public/Government,14.251291,37.7668677
Gerhu Srnay Health Center #38,Health Center,Tigray,Public/Government,14.529671,39.2079197
Jidane Health Post #38,Health Post,Somali,Public/Government,9.683951400000002,41.8525267
Qaydar Health Post #38,Health Post,Somali,Public/Government,9.1443392,43.2640045
Legge Oda Mirga Health Post #39,Health Post,Dire Dawa,Public/Government,9.5278067,41.8844739
Mudi Aneno Health Post #39,Health Post,Dire Dawa,Public/Government,9.6765039,41.94292909999999
Abubeker Muti Health Post #39,Health Post,Harari,Public/Government,9.3805474,42.14810009999999
Kirkire Health Post #39,Health Post,Dire Dawa,Public/Government,9.5557812,41.7789778
Awoberkele Comprehensive Health Post #39,Health Post,Harari,Public/Government,9.3519552,42.1427323
Efoyita Health Center #39,Health Center,Addis Ababa,Public/Government,9.0320021,38.8091171
Addis Ketema Health Center #39,Health Center,Dire Dawa,Public/Government,9.6194558,41.9041215
Bokoji Primary Hospital #39,Hospital,Oromia,Public/Government,7.582733,39.292232
Dembi Dollo Compernsive Specialized Hospital #39,Hospital,Oromia,Public/Government,8.559316000000003,34.845909
Inemay Gemer Health Post #39,Health Post,Oromia,Public/Government,9.490818,35.682081
Danecho Health Post #39,Health Post,SNNP,Public/Government,8.0127086,38.3006212
Sibu Ebicha Health Post #39,Health Post,Oromia,Public/Government,9.283834,35.650077
Ynesa Lmrt Health Post #39,Health Post,Amhara,Public/Government,11.4442549,37.1912624
Tach Arisho Health Post #39,Health Post,SNNP,Public/Government,7.3245489,38.0333114
Hurumu Jibat Health Post #39,Health Post,Oromia,Public/Government,8.652993,37.469467
Geshe Health Post #39,Health Post,Oromia,Public/Government,8.1453956,36.5190386
Wachu Woltane Health Post #39,Health Post,Oromia,Public/Government,9.171578,40.987046
Elemo Health Center #39,Health Center,Oromia,Public/Government,8.5033168,35.8540455
Hidi Health Center #39,Health Center,Oromia,Public/Government,8.8288668,39.1202939
Balle Dorani Health Center #39,Health Center,Oromia,Public/Government,7.1240057000000006,40.5527225
Feresbet Primery Hospital #39,Hospital,Amhara,Public/Government,10.8944161,37.6420263
Megele 29 Health Post #39,Health Post,Benishangul Gumz,Public/Government,10.0792623,34.5853978
Sorya  Health Post #39,Health Post,Tigray,Public/Government,12.420567,39.332735
Sugelitinen Health Post #39,Health Post,Benishangul Gumz,Public/Government,10.7548954,34.8065473
Hintsa Health Post #39,Health Post,Tigray,Public/Government,13.3515836,39.2122353
Dishi Geter Health Post #39,Health Post,South West Ethiopia,Public/Government,6.9973845,36.22774209999999
May Kuhli Health Center #39,Health Center,Tigray,Public/Government,14.252291,37.7678677
Gerhu Srnay Health Center #39,Health Center,Tigray,Public/Government,14.530671,39.2089197
Jidane Health Post #39,Health Post,Somali,Public/Government,9.6849514,41.8535267
Qaydar Health Post #39,Health Post,Somali,Public/Government,9.1453392,43.2650045
Legge Oda Mirga Health Post #40,Health Post,Dire Dawa,Public/Government,9.5288067,41.8854739
Mudi Aneno Health Post #40,Health Post,Dire Dawa,Public/Government,9.6775039,41.9439291
Abubeker Muti Health Post #40,Health Post,Harari,Public/Government,9.3815474,42.1491001
Kirkire Health Post #40,Health Post,Dire Dawa,Public/Government,9.5567812,41.779977800000005
Awoberkele Comprehensive Health Post #40,Health Post,Harari,Public/Government,9.3529552,42.1437323
Efoyita Health Center #40,Health Center,Addis Ababa,Public/Government,9.0330021,38.8101171
Addis Ketema Health Center #40,Health Center,Dire Dawa,Public/Government,9.6204558,41.9051215
Bokoji Primary Hospital #40,Hospital,Oromia,Public/Government,7.583733,39.293232
Dembi Dollo Compernsive Specialized Hospital #40,Hospital,Oromia,Public/Government,8.560316000000002,34.846909000000004
Inemay Gemer Health Post #40,Health Post,Oromia,Public/Government,9.491818,35.683081
Danecho Health Post #40,Health Post,SNNP,Public/Government,8.0137086,38.3016212
Sibu Ebicha Health Post #40,Health Post,Oromia,Public/Government,9.284834,35.651077
Ynesa Lmrt Health Post #40,Health Post,Amhara,Public/Government,11.4452549,37.1922624
Tach Arisho Health Post #40,Health Post,SNNP,Public/Government,7.325548899999999,38.0343114
Hurumu Jibat Health Post #40,Health Post,Oromia,Public/Government,8.653993,37.470467
Geshe Health Post #40,Health Post,Oromia,Public/Government,8.1463956,36.5200386
Wachu Woltane Health Post #40,Health Post,Oromia,Public/Government,9.172578,40.988046
Elemo Health Center #40,Health Center,Oromia,Public/Government,8.5043168,35.8550455
Hidi Health Center #40,Health Center,Oromia,Public/Government,8.8298668,39.121293900000005
Balle Dorani Health Center #40,Health Center,Oromia,Public/Government,7.1250057,40.5537225
Feresbet Primery Hospital #40,Hospital,Amhara,Public/Government,10.8954161,37.6430263
Megele 29 Health Post #40,Health Post,Benishangul Gumz,Public/Government,10.0802623,34.5863978
Sorya  Health Post #40,Health Post,Tigray,Public/Government,12.421567,39.333735
Sugelitinen Health Post #40,Health Post,Benishangul Gumz,Public/Government,10.7558954,34.8075473
Hintsa Health Post #40,Health Post,Tigray,Public/Government,13.3525836,39.2132353
Dishi Geter Health Post #40,Health Post,South West Ethiopia,Public/Government,6.998384499999999,36.2287421
May Kuhli Health Center #40,Health Center,Tigray,Public/Government,14.253291,37.7688677
Gerhu Srnay Health Center #40,Health Center,Tigray,Public/Government,14.531671,39.2099197
Jidane Health Post #40,Health Post,Somali,Public/Government,9.6859514,41.8545267
Qaydar Health Post #40,Health Post,Somali,Public/Government,9.1463392,43.2660045
Legge Oda Mirga Health Post #41,Health Post,Dire Dawa,Public/Government,9.5298067,41.8864739
Mudi Aneno Health Post #41,Health Post,Dire Dawa,Public/Government,9.6785039,41.9449291
Abubeker Muti Health Post #41,Health Post,Harari,Public/Government,9.3825474,42.1501001
Kirkire Health Post #41,Health Post,Dire Dawa,Public/Government,9.5577812,41.7809778
Awoberkele Comprehensive Health Post #41,Health Post,Harari,Public/Government,9.3539552,42.1447323
Efoyita Health Center #41,Health Center,Addis Ababa,Public/Government,9.0340021,38.8111171
Addis Ketema Health Center #41,Health Center,Dire Dawa,Public/Government,9.6214558,41.9061215
Bokoji Primary Hospital #41,Hospital,Oromia,Public/Government,7.584733,39.294232
Dembi Dollo Compernsive Specialized Hospital #41,Hospital,Oromia,Public/Government,8.561316000000001,34.847909
Inemay Gemer Health Post #41,Health Post,Oromia,Public/Government,9.492818,35.684081
Danecho Health Post #41,Health Post,SNNP,Public/Government,8.014708599999999,38.3026212
Sibu Ebicha Health Post #41,Health Post,Oromia,Public/Government,9.285834,35.652077
Ynesa Lmrt Health Post #41,Health Post,Amhara,Public/Government,11.4462549,37.1932624
Tach Arisho Health Post #41,Health Post,SNNP,Public/Government,7.3265489,38.0353114
Hurumu Jibat Health Post #41,Health Post,Oromia,Public/Government,8.654993,37.471467
Geshe Health Post #41,Health Post,Oromia,Public/Government,8.1473956,36.5210386
Wachu Woltane Health Post #41,Health Post,Oromia,Public/Government,9.173578,40.989046
Elemo Health Center #41,Health Center,Oromia,Public/Government,8.5053168,35.8560455
Hidi Health Center #41,Health Center,Oromia,Public/Government,8.830866799999999,39.1222939
Balle Dorani Health Center #41,Health Center,Oromia,Public/Government,7.1260057,40.5547225
Feresbet Primery Hospital #41,Hospital,Amhara,Public/Government,10.8964161,37.6440263
Megele 29 Health Post #41,Health Post,Benishangul Gumz,Public/Government,10.0812623,34.5873978
Sorya  Health Post #41,Health Post,Tigray,Public/Government,12.422567,39.334735
Sugelitinen Health Post #41,Health Post,Benishangul Gumz,Public/Government,10.7568954,34.8085473
Hintsa Health Post #41,Health Post,Tigray,Public/Government,13.3535836,39.2142353
Dishi Geter Health Post #41,Health Post,South West Ethiopia,Public/Government,6.9993845,36.2297421
May Kuhli Health Center #41,Health Center,Tigray,Public/Government,14.254290999999998,37.7698677
Gerhu Srnay Health Center #41,Health Center,Tigray,Public/Government,14.532671,39.2109197
Jidane Health Post #41,Health Post,Somali,Public/Government,9.6869514,41.8555267
Qaydar Health Post #41,Health Post,Somali,Public/Government,9.1473392,43.2670045
Legge Oda Mirga Health Post #42,Health Post,Dire Dawa,Public/Government,9.5308067,41.8874739
Mudi Aneno Health Post #42,Health Post,Dire Dawa,Public/Government,9.6795039,41.9459291
Abubeker Muti Health Post #42,Health Post,Harari,Public/Government,9.3835474,42.1511001
Kirkire Health Post #42,Health Post,Dire Dawa,Public/Government,9.5587812,41.7819778
Awoberkele Comprehensive Health Post #42,Health Post,Harari,Public/Government,9.3549552,42.1457323
Efoyita Health Center #42,Health Center,Addis Ababa,Public/Government,9.0350021,38.8121171
Addis Ketema Health Center #42,Health Center,Dire Dawa,Public/Government,9.6224558,41.9071215
Bokoji Primary Hospital #42,Hospital,Oromia,Public/Government,7.585733,39.295232
Dembi Dollo Compernsive Specialized Hospital #42,Hospital,Oromia,Public/Government,8.562316000000003,34.848909
Inemay Gemer Health Post #42,Health Post,Oromia,Public/Government,9.493818,35.685081
Danecho Health Post #42,Health Post,SNNP,Public/Government,8.0157086,38.3036212
Sibu Ebicha Health Post #42,Health Post,Oromia,Public/Government,9.286834,35.653077
Ynesa Lmrt Health Post #42,Health Post,Amhara,Public/Government,11.4472549,37.1942624
Tach Arisho Health Post #42,Health Post,SNNP,Public/Government,7.3275489,38.0363114
Hurumu Jibat Health Post #42,Health Post,Oromia,Public/Government,8.655993,37.472467
Geshe Health Post #42,Health Post,Oromia,Public/Government,8.1483956,36.5220386
Wachu Woltane Health Post #42,Health Post,Oromia,Public/Government,9.174578,40.990046
Elemo Health Center #42,Health Center,Oromia,Public/Government,8.5063168,35.8570455
Hidi Health Center #42,Health Center,Oromia,Public/Government,8.8318668,39.1232939
Balle Dorani Health Center #42,Health Center,Oromia,Public/Government,7.127005700000001,40.5557225
Feresbet Primery Hospital #42,Hospital,Amhara,Public/Government,10.8974161,37.6450263
Megele 29 Health Post #42,Health Post,Benishangul Gumz,Public/Government,10.0822623,34.5883978
Sorya  Health Post #42,Health Post,Tigray,Public/Government,12.423567,39.335735
Sugelitinen Health Post #42,Health Post,Benishangul Gumz,Public/Government,10.7578954,34.8095473
Hintsa Health Post #42,Health Post,Tigray,Public/Government,13.3545836,39.2152353
Dishi Geter Health Post #42,Health Post,South West Ethiopia,Public/Government,7.0003845,36.23074209999999
May Kuhli Health Center #42,Health Center,Tigray,Public/Government,14.255291,37.7708677
Gerhu Srnay Health Center #42,Health Center,Tigray,Public/Government,14.533671,39.2119197
Jidane Health Post #42,Health Post,Somali,Public/Government,9.6879514,41.8565267
Qaydar Health Post #42,Health Post,Somali,Public/Government,9.1483392,43.2680045
Legge Oda Mirga Health Post #43,Health Post,Dire Dawa,Public/Government,9.5318067,41.8884739
Mudi Aneno Health Post #43,Health Post,Dire Dawa,Public/Government,9.6805039,41.9469291
Abubeker Muti Health Post #43,Health Post,Harari,Public/Government,9.3845474,42.1521001
Kirkire Health Post #43,Health Post,Dire Dawa,Public/Government,9.5597812,41.782977800000005
Awoberkele Comprehensive Health Post #43,Health Post,Harari,Public/Government,9.3559552,42.1467323
Efoyita Health Center #43,Health Center,Addis Ababa,Public/Government,9.0360021,38.8131171
Addis Ketema Health Center #43,Health Center,Dire Dawa,Public/Government,9.6234558,41.9081215
Bokoji Primary Hospital #43,Hospital,Oromia,Public/Government,7.586733,39.296232
Dembi Dollo Compernsive Specialized Hospital #43,Hospital,Oromia,Public/Government,8.563316000000002,34.849909000000004
Inemay Gemer Health Post #43,Health Post,Oromia,Public/Government,9.494818,35.686081
Danecho Health Post #43,Health Post,SNNP,Public/Government,8.0167086,38.3046212
Sibu Ebicha Health Post #43,Health Post,Oromia,Public/Government,9.287834,35.654077
Ynesa Lmrt Health Post #43,Health Post,Amhara,Public/Government,11.4482549,37.1952624
Tach Arisho Health Post #43,Health Post,SNNP,Public/Government,7.328548899999999,38.0373114
Hurumu Jibat Health Post #43,Health Post,Oromia,Public/Government,8.656993,37.473467
Geshe Health Post #43,Health Post,Oromia,Public/Government,8.1493956,36.5230386
Wachu Woltane Health Post #43,Health Post,Oromia,Public/Government,9.175578,40.991046
Elemo Health Center #43,Health Center,Oromia,Public/Government,8.5073168,35.8580455
Hidi Health Center #43,Health Center,Oromia,Public/Government,8.8328668,39.124293900000005
Balle Dorani Health Center #43,Health Center,Oromia,Public/Government,7.1280057,40.5567225
Feresbet Primery Hospital #43,Hospital,Amhara,Public/Government,10.8984161,37.6460263
Megele 29 Health Post #43,Health Post,Benishangul Gumz,Public/Government,10.0832623,34.5893978
Sorya  Health Post #43,Health Post,Tigray,Public/Government,12.424567,39.336735
Sugelitinen Health Post #43,Health Post,Benishangul Gumz,Public/Government,10.7588954,34.8105473
Hintsa Health Post #43,Health Post,Tigray,Public/Government,13.3555836,39.2162353
Dishi Geter Health Post #43,Health Post,South West Ethiopia,Public/Government,7.0013845,36.2317421
May Kuhli Health Center #43,Health Center,Tigray,Public/Government,14.256291,37.7718677
Gerhu Srnay Health Center #43,Health Center,Tigray,Public/Government,14.534671,39.2129197
Jidane Health Post #43,Health Post,Somali,Public/Government,9.6889514,41.8575267
Qaydar Health Post #43,Health Post,Somali,Public/Government,9.1493392,43.2690045
Legge Oda Mirga Health Post #44,Health Post,Dire Dawa,Public/Government,9.5328067,41.8894739
Mudi Aneno Health Post #44,Health Post,Dire Dawa,Public/Government,9.6815039,41.9479291
Abubeker Muti Health Post #44,Health Post,Harari,Public/Government,9.3855474,42.1531001
Kirkire Health Post #44,Health Post,Dire Dawa,Public/Government,9.5607812,41.7839778
Awoberkele Comprehensive Health Post #44,Health Post,Harari,Public/Government,9.3569552,42.1477323
Efoyita Health Center #44,Health Center,Addis Ababa,Public/Government,9.0370021,38.8141171
Addis Ketema Health Center #44,Health Center,Dire Dawa,Public/Government,9.6244558,41.9091215
Bokoji Primary Hospital #44,Hospital,Oromia,Public/Government,7.587733,39.297232
Dembi Dollo Compernsive Specialized Hospital #44,Hospital,Oromia,Public/Government,8.564316000000002,34.850909
Inemay Gemer Health Post #44,Health Post,Oromia,Public/Government,9.495818,35.687081
Danecho Health Post #44,Health Post,SNNP,Public/Government,8.017708599999999,38.3056212
Sibu Ebicha Health Post #44,Health Post,Oromia,Public/Government,9.288834,35.655077
Ynesa Lmrt Health Post #44,Health Post,Amhara,Public/Government,11.4492549,37.1962624
Tach Arisho Health Post #44,Health Post,SNNP,Public/Government,7.3295489,38.0383114
Hurumu Jibat Health Post #44,Health Post,Oromia,Public/Government,8.657993,37.474467
Geshe Health Post #44,Health Post,Oromia,Public/Government,8.1503956,36.5240386
Wachu Woltane Health Post #44,Health Post,Oromia,Public/Government,9.176578,40.992046
Elemo Health Center #44,Health Center,Oromia,Public/Government,8.5083168,35.8590455
Hidi Health Center #44,Health Center,Oromia,Public/Government,8.8338668,39.1252939
Balle Dorani Health Center #44,Health Center,Oromia,Public/Government,7.1290057,40.5577225
Feresbet Primery Hospital #44,Hospital,Amhara,Public/Government,10.8994161,37.6470263
Megele 29 Health Post #44,Health Post,Benishangul Gumz,Public/Government,10.0842623,34.5903978
Sorya  Health Post #44,Health Post,Tigray,Public/Government,12.425567,39.337735
Sugelitinen Health Post #44,Health Post,Benishangul Gumz,Public/Government,10.7598954,34.8115473
Hintsa Health Post #44,Health Post,Tigray,Public/Government,13.3565836,39.2172353
Dishi Geter Health Post #44,Health Post,South West Ethiopia,Public/Government,7.0023845,36.2327421
May Kuhli Health Center #44,Health Center,Tigray,Public/Government,14.257291,37.7728677
Gerhu Srnay Health Center #44,Health Center,Tigray,Public/Government,14.535671,39.2139197
Jidane Health Post #44,Health Post,Somali,Public/Government,9.6899514,41.8585267
Qaydar Health Post #44,Health Post,Somali,Public/Government,9.1503392,43.2700045
Legge Oda Mirga Health Post #45,Health Post,Dire Dawa,Public/Government,9.5338067,41.8904739
Mudi Aneno Health Post #45,Health Post,Dire Dawa,Public/Government,9.6825039,41.9489291
Abubeker Muti Health Post #45,Health Post,Harari,Public/Government,9.3865474,42.1541001
Kirkire Health Post #45,Health Post,Dire Dawa,Public/Government,9.5617812,41.7849778
Awoberkele Comprehensive Health Post #45,Health Post,Harari,Public/Government,9.3579552,42.1487323
Efoyita Health Center #45,Health Center,Addis Ababa,Public/Government,9.0380021,38.8151171
Addis Ketema Health Center #45,Health Center,Dire Dawa,Public/Government,9.6254558,41.9101215
Bokoji Primary Hospital #45,Hospital,Oromia,Public/Government,7.588732999999999,39.298232
Dembi Dollo Compernsive Specialized Hospital #45,Hospital,Oromia,Public/Government,8.565316000000003,34.851909
Inemay Gemer Health Post #45,Health Post,Oromia,Public/Government,9.496818,35.688081
Danecho Health Post #45,Health Post,SNNP,Public/Government,8.0187086,38.3066212
Sibu Ebicha Health Post #45,Health Post,Oromia,Public/Government,9.289834,35.656077
Ynesa Lmrt Health Post #45,Health Post,Amhara,Public/Government,11.4502549,37.1972624
Tach Arisho Health Post #45,Health Post,SNNP,Public/Government,7.330548899999999,38.0393114
Hurumu Jibat Health Post #45,Health Post,Oromia,Public/Government,8.658993,37.475467
Geshe Health Post #45,Health Post,Oromia,Public/Government,8.1513956,36.5250386
Wachu Woltane Health Post #45,Health Post,Oromia,Public/Government,9.177578,40.993046
Elemo Health Center #45,Health Center,Oromia,Public/Government,8.5093168,35.8600455
Hidi Health Center #45,Health Center,Oromia,Public/Government,8.8348668,39.1262939
Balle Dorani Health Center #45,Health Center,Oromia,Public/Government,7.1300057,40.5587225
Feresbet Primery Hospital #45,Hospital,Amhara,Public/Government,10.9004161,37.6480263
Megele 29 Health Post #45,Health Post,Benishangul Gumz,Public/Government,10.0852623,34.5913978
Sorya  Health Post #45,Health Post,Tigray,Public/Government,12.426567,39.338735
Sugelitinen Health Post #45,Health Post,Benishangul Gumz,Public/Government,10.7608954,34.8125473
Hintsa Health Post #45,Health Post,Tigray,Public/Government,13.3575836,39.2182353
Dishi Geter Health Post #45,Health Post,South West Ethiopia,Public/Government,7.003384499999999,36.23374209999999
May Kuhli Health Center #45,Health Center,Tigray,Public/Government,14.258291,37.7738677
Gerhu Srnay Health Center #45,Health Center,Tigray,Public/Government,14.536671,39.2149197
Jidane Health Post #45,Health Post,Somali,Public/Government,9.6909514,41.8595267
Qaydar Health Post #45,Health Post,Somali,Public/Government,9.1513392,43.2710045
Legge Oda Mirga Health Post #46,Health Post,Dire Dawa,Public/Government,9.5348067,41.8914739
Mudi Aneno Health Post #46,Health Post,Dire Dawa,Public/Government,9.6835039,41.9499291
Abubeker Muti Health Post #46,Health Post,Harari,Public/Government,9.3875474,42.1551001
Kirkire Health Post #46,Health Post,Dire Dawa,Public/Government,9.5627812,41.785977800000005
Awoberkele Comprehensive Health Post #46,Health Post,Harari,Public/Government,9.3589552,42.1497323
Efoyita Health Center #46,Health Center,Addis Ababa,Public/Government,9.0390021,38.8161171
Addis Ketema Health Center #46,Health Center,Dire Dawa,Public/Government,9.6264558,41.9111215
Bokoji Primary Hospital #46,Hospital,Oromia,Public/Government,7.589733,39.299232
Dembi Dollo Compernsive Specialized Hospital #46,Hospital,Oromia,Public/Government,8.566316000000002,34.852909000000004
Inemay Gemer Health Post #46,Health Post,Oromia,Public/Government,9.497818,35.689081
Danecho Health Post #46,Health Post,SNNP,Public/Government,8.0197086,38.3076212
Sibu Ebicha Health Post #46,Health Post,Oromia,Public/Government,9.290834,35.657077
Ynesa Lmrt Health Post #46,Health Post,Amhara,Public/Government,11.4512549,37.1982624
Tach Arisho Health Post #46,Health Post,SNNP,Public/Government,7.3315489,38.0403114
Hurumu Jibat Health Post #46,Health Post,Oromia,Public/Government,8.659993,37.476467
Geshe Health Post #46,Health Post,Oromia,Public/Government,8.1523956,36.5260386
Wachu Woltane Health Post #46,Health Post,Oromia,Public/Government,9.178578,40.994046
Elemo Health Center #46,Health Center,Oromia,Public/Government,8.5103168,35.8610455
Hidi Health Center #46,Health Center,Oromia,Public/Government,8.8358668,39.127293900000005
Balle Dorani Health Center #46,Health Center,Oromia,Public/Government,7.1310057,40.5597225
Feresbet Primery Hospital #46,Hospital,Amhara,Public/Government,10.9014161,37.6490263
Megele 29 Health Post #46,Health Post,Benishangul Gumz,Public/Government,10.0862623,34.5923978
Sorya  Health Post #46,Health Post,Tigray,Public/Government,12.427567,39.339735000000005
Sugelitinen Health Post #46,Health Post,Benishangul Gumz,Public/Government,10.7618954,34.8135473
Hintsa Health Post #46,Health Post,Tigray,Public/Government,13.3585836,39.2192353
Dishi Geter Health Post #46,Health Post,South West Ethiopia,Public/Government,7.0043845,36.2347421
May Kuhli Health Center #46,Health Center,Tigray,Public/Government,14.259291,37.7748677
Gerhu Srnay Health Center #46,Health Center,Tigray,Public/Government,14.537671,39.2159197
Jidane Health Post #46,Health Post,Somali,Public/Government,9.6919514,41.8605267
Qaydar Health Post #46,Health Post,Somali,Public/Government,9.1523392,43.2720045
Legge Oda Mirga Health Post #47,Health Post,Dire Dawa,Public/Government,9.5358067,41.8924739
Mudi Aneno Health Post #47,Health Post,Dire Dawa,Public/Government,9.6845039,41.9509291
Abubeker Muti Health Post #47,Health Post,Harari,Public/Government,9.3885474,42.1561001
Kirkire Health Post #47,Health Post,Dire Dawa,Public/Government,9.5637812,41.7869778
Awoberkele Comprehensive Health Post #47,Health Post,Harari,Public/Government,9.3599552,42.1507323
Efoyita Health Center #47,Health Center,Addis Ababa,Public/Government,9.0400021,38.8171171
Addis Ketema Health Center #47,Health Center,Dire Dawa,Public/Government,9.6274558,41.9121215
Bokoji Primary Hospital #47,Hospital,Oromia,Public/Government,7.590733,39.300232
Dembi Dollo Compernsive Specialized Hospital #47,Hospital,Oromia,Public/Government,8.567316000000002,34.853909
Inemay Gemer Health Post #47,Health Post,Oromia,Public/Government,9.498818,35.690081
Danecho Health Post #47,Health Post,SNNP,Public/Government,8.020708599999999,38.3086212
Sibu Ebicha Health Post #47,Health Post,Oromia,Public/Government,9.291834,35.658077
Ynesa Lmrt Health Post #47,Health Post,Amhara,Public/Government,11.4522549,37.1992624
Tach Arisho Health Post #47,Health Post,SNNP,Public/Government,7.3325489,38.0413114
Hurumu Jibat Health Post #47,Health Post,Oromia,Public/Government,8.660993,37.477467
Geshe Health Post #47,Health Post,Oromia,Public/Government,8.1533956,36.5270386
Wachu Woltane Health Post #47,Health Post,Oromia,Public/Government,9.179578,40.995046
Elemo Health Center #47,Health Center,Oromia,Public/Government,8.5113168,35.8620455
Hidi Health Center #47,Health Center,Oromia,Public/Government,8.8368668,39.1282939
Balle Dorani Health Center #47,Health Center,Oromia,Public/Government,7.132005700000001,40.5607225
Feresbet Primery Hospital #47,Hospital,Amhara,Public/Government,10.9024161,37.6500263
Megele 29 Health Post #47,Health Post,Benishangul Gumz,Public/Government,10.0872623,34.5933978
Sorya  Health Post #47,Health Post,Tigray,Public/Government,12.428567,39.340735
Sugelitinen Health Post #47,Health Post,Benishangul Gumz,Public/Government,10.7628954,34.8145473
Hintsa Health Post #47,Health Post,Tigray,Public/Government,13.3595836,39.2202353
Dishi Geter Health Post #47,Health Post,South West Ethiopia,Public/Government,7.0053845,36.2357421
May Kuhli Health Center #47,Health Center,Tigray,Public/Government,14.260291,37.7758677
Gerhu Srnay Health Center #47,Health Center,Tigray,Public/Government,14.538671,39.2169197
Jidane Health Post #47,Health Post,Somali,Public/Government,9.6929514,41.8615267
Qaydar Health Post #47,Health Post,Somali,Public/Government,9.1533392,43.2730045
Legge Oda Mirga Health Post #48,Health Post,Dire Dawa,Public/Government,9.5368067,41.8934739
Mudi Aneno Health Post #48,Health Post,Dire Dawa,Public/Government,9.6855039,41.9519291
Abubeker Muti Health Post #48,Health Post,Harari,Public/Government,9.3895474,42.1571001
Kirkire Health Post #48,Health Post,Dire Dawa,Public/Government,9.5647812,41.7879778
Awoberkele Comprehensive Health Post #48,Health Post,Harari,Public/Government,9.3609552,42.1517323
Efoyita Health Center #48,Health Center,Addis Ababa,Public/Government,9.0410021,38.8181171
Addis Ketema Health Center #48,Health Center,Dire Dawa,Public/Government,9.6284558,41.9131215
Bokoji Primary Hospital #48,Hospital,Oromia,Public/Government,7.591733,39.301232
Dembi Dollo Compernsive Specialized Hospital #48,Hospital,Oromia,Public/Government,8.568316000000003,34.854909
Inemay Gemer Health Post #48,Health Post,Oromia,Public/Government,9.499818,35.691081
Danecho Health Post #48,Health Post,SNNP,Public/Government,8.0217086,38.3096212
Sibu Ebicha Health Post #48,Health Post,Oromia,Public/Government,9.292834,35.659077
Ynesa Lmrt Health Post #48,Health Post,Amhara,Public/Government,11.4532549,37.2002624
Tach Arisho Health Post #48,Health Post,SNNP,Public/Government,7.333548899999999,38.0423114
Hurumu Jibat Health Post #48,Health Post,Oromia,Public/Government,8.661993,37.478467
Geshe Health Post #48,Health Post,Oromia,Public/Government,8.1543956,36.5280386
Wachu Woltane Health Post #48,Health Post,Oromia,Public/Government,9.180578,40.996046
Elemo Health Center #48,Health Center,Oromia,Public/Government,8.5123168,35.8630455
Hidi Health Center #48,Health Center,Oromia,Public/Government,8.8378668,39.1292939
Balle Dorani Health Center #48,Health Center,Oromia,Public/Government,7.1330057,40.5617225
Feresbet Primery Hospital #48,Hospital,Amhara,Public/Government,10.9034161,37.6510263
Megele 29 Health Post #48,Health Post,Benishangul Gumz,Public/Government,10.0882623,34.5943978
Sorya  Health Post #48,Health Post,Tigray,Public/Government,12.429567,39.341735
Sugelitinen Health Post #48,Health Post,Benishangul Gumz,Public/Government,10.7638954,34.8155473
Hintsa Health Post #48,Health Post,Tigray,Public/Government,13.3605836,39.2212353
Dishi Geter Health Post #48,Health Post,South West Ethiopia,Public/Government,7.006384499999999,36.2367421
May Kuhli Health Center #48,Health Center,Tigray,Public/Government,14.261291,37.7768677
Gerhu Srnay Health Center #48,Health Center,Tigray,Public/Government,14.539671,39.2179197
Jidane Health Post #48,Health Post,Somali,Public/Government,9.6939514,41.8625267
Qaydar Health Post #48,Health Post,Somali,Public/Government,9.1543392,43.2740045
Legge Oda Mirga Health Post #49,Health Post,Dire Dawa,Public/Government,9.5378067,41.8944739
Mudi Aneno Health Post #49,Health Post,Dire Dawa,Public/Government,9.6865039,41.9529291
Abubeker Muti Health Post #49,Health Post,Harari,Public/Government,9.3905474,42.1581001
Kirkire Health Post #49,Health Post,Dire Dawa,Public/Government,9.5657812,41.788977800000005
Awoberkele Comprehensive Health Post #49,Health Post,Harari,Public/Government,9.3619552,42.1527323
Efoyita Health Center #49,Health Center,Addis Ababa,Public/Government,9.0420021,38.8191171
Addis Ketema Health Center #49,Health Center,Dire Dawa,Public/Government,9.6294558,41.9141215
Bokoji Primary Hospital #49,Hospital,Oromia,Public/Government,7.592733,39.302232
Dembi Dollo Compernsive Specialized Hospital #49,Hospital,Oromia,Public/Government,8.569316000000002,34.855909000000004
Inemay Gemer Health Post #49,Health Post,Oromia,Public/Government,9.500818,35.692081
Danecho Health Post #49,Health Post,SNNP,Public/Government,8.0227086,38.3106212
Sibu Ebicha Health Post #49,Health Post,Oromia,Public/Government,9.293834,35.660077
Ynesa Lmrt Health Post #49,Health Post,Amhara,Public/Government,11.4542549,37.201262400000005
Tach Arisho Health Post #49,Health Post,SNNP,Public/Government,7.3345489,38.0433114
Hurumu Jibat Health Post #49,Health Post,Oromia,Public/Government,8.662993,37.479467
Geshe Health Post #49,Health Post,Oromia,Public/Government,8.1553956,36.5290386
Wachu Woltane Health Post #49,Health Post,Oromia,Public/Government,9.181578,40.997046000000005
Elemo Health Center #49,Health Center,Oromia,Public/Government,8.5133168,35.8640455
Hidi Health Center #49,Health Center,Oromia,Public/Government,8.8388668,39.130293900000005
Balle Dorani Health Center #49,Health Center,Oromia,Public/Government,7.1340057,40.5627225
Feresbet Primery Hospital #49,Hospital,Amhara,Public/Government,10.9044161,37.6520263
Megele 29 Health Post #49,Health Post,Benishangul Gumz,Public/Government,10.0892623,34.5953978
Sorya  Health Post #49,Health Post,Tigray,Public/Government,12.430567,39.342735000000005
Sugelitinen Health Post #49,Health Post,Benishangul Gumz,Public/Government,10.7648954,34.8165473
Hintsa Health Post #49,Health Post,Tigray,Public/Government,13.3615836,39.2222353
Dishi Geter Health Post #49,Health Post,South West Ethiopia,Public/Government,7.0073845,36.2377421
May Kuhli Health Center #49,Health Center,Tigray,Public/Government,14.262291,37.7778677
Gerhu Srnay Health Center #49,Health Center,Tigray,Public/Government,14.540671,39.2189197
Jidane Health Post #49,Health Post,Somali,Public/Government,9.6949514,41.8635267
Qaydar Health Post #49,Health Post,Somali,Public/Government,9.1553392,43.2750045
Legge Oda Mirga Health Post #50,Health Post,Dire Dawa,Public/Government,9.5388067,41.8954739
Mudi Aneno Health Post #50,Health Post,Dire Dawa,Public/Government,9.6875039,41.9539291
Abubeker Muti Health Post #50,Health Post,Harari,Public/Government,9.3915474,42.1591001
Kirkire Health Post #50,Health Post,Dire Dawa,Public/Government,9.5667812,41.7899778
Awoberkele Comprehensive Health Post #50,Health Post,Harari,Public/Government,9.3629552,42.1537323
Efoyita Health Center #50,Health Center,Addis Ababa,Public/Government,9.0430021,38.8201171
Addis Ketema Health Center #50,Health Center,Dire Dawa,Public/Government,9.6304558,41.9151215
Bokoji Primary Hospital #50,Hospital,Oromia,Public/Government,7.593733,39.303232
Dembi Dollo Compernsive Specialized Hospital #50,Hospital,Oromia,Public/Government,8.570316000000002,34.856909
Inemay Gemer Health Post #50,Health Post,Oromia,Public/Government,9.501818,35.693081
Danecho Health Post #50,Health Post,SNNP,Public/Government,8.023708599999999,38.3116212
Sibu Ebicha Health Post #50,Health Post,Oromia,Public/Government,9.294834,35.661077
Ynesa Lmrt Health Post #50,Health Post,Amhara,Public/Government,11.4552549,37.2022624
Tach Arisho Health Post #50,Health Post,SNNP,Public/Government,7.3355489,38.0443114
Hurumu Jibat Health Post #50,Health Post,Oromia,Public/Government,8.663993,37.480467
Geshe Health Post #50,Health Post,Oromia,Public/Government,8.1563956,36.5300386
Wachu Woltane Health Post #50,Health Post,Oromia,Public/Government,9.182578,40.998046
Elemo Health Center #50,Health Center,Oromia,Public/Government,8.5143168,35.8650455
Hidi Health Center #50,Health Center,Oromia,Public/Government,8.8398668,39.1312939
Balle Dorani Health Center #50,Health Center,Oromia,Public/Government,7.135005700000001,40.5637225
Feresbet Primery Hospital #50,Hospital,Amhara,Public/Government,10.9054161,37.6530263
Megele 29 Health Post #50,Health Post,Benishangul Gumz,Public/Government,10.0902623,34.5963978
Sorya  Health Post #50,Health Post,Tigray,Public/Government,12.431567,39.343735
Sugelitinen Health Post #50,Health Post,Benishangul Gumz,Public/Government,10.7658954,34.8175473
Hintsa Health Post #50,Health Post,Tigray,Public/Government,13.3625836,39.2232353
Dishi Geter Health Post #50,Health Post,South West Ethiopia,Public/Government,7.0083845,36.2387421
May Kuhli Health Center #50,Health Center,Tigray,Public/Government,14.263291,37.7788677
Gerhu Srnay Health Center #50,Health Center,Tigray,Public/Government,14.541671,39.2199197
Jidane Health Post #50,Health Post,Somali,Public/Government,9.6959514,41.8645267
Qaydar Health Post #50,Health Post,Somali,Public/Government,9.1563392,43.2760045
